X,Y,OBJECTID,THNAME,THTYPE,FEE,STEWARD,DATAOWNER,COMMENTS,GlobalID,BATTrailheadID
-105.178260786722,40.1873191504489,1,Pella West Trailhead,TrailAccess,None,https://www.bouldercounty.org/open-space/parks-and-trails/pella-crossing/,Boulder County Parks and Open Space,,{179B8295-BAEF-4CB9-BF36-D0529DC6C466},BCPOS-POS_TH-1
-105.180503279013,40.0457023883756,2,Wally Toevs Pond Trailhead,Trailhead,None,https://www.bouldercounty.org/open-space/parks-and-trails/walden-ponds-wildlife-habitat/,Boulder County Parks and Open Space,,{903B770D-C0AB-4216-8463-BBAF70DAF69C},BCPOS-POS_TH-2
-105.184018684062,40.0440881563802,3,Cottonwood Marsh Pond Trailhead,Trailhead,None,https://www.bouldercounty.org/open-space/parks-and-trails/walden-ponds-wildlife-habitat/,Boulder County Parks and Open Space,,{F62CEB3D-5FF8-4BCC-AF8D-8B9EF0ED1F04},BCPOS-POS_TH-3
-105.109127605774,39.9469411938136,4,Stearns Lake Trailhead at Carolyn Holmberg Preserve,Trailhead,None,https://www.bouldercounty.org/open-space/parks-and-trails/rock-creek-trail/,Boulder County Parks and Open Space,,{2E2F90BA-606A-416B-88C0-DF7540B88F17},BCPOS-POS_TH-4
-105.173367554673,40.0940342020054,5,Monarch Road Trailhead,Trailhead,None,https://www.bouldercounty.org/open-space/parks-and-trails/niwot-trails/,Boulder County Parks and Open Space,,{5D4A4853-967F-44D1-AE31-FE286B4A3EFC},BCPOS-POS_TH-5
-105.168478465654,40.0891853690646,6,Niwot Loop Trailhead,Trailhead,None,https://www.bouldercounty.org/open-space/parks-and-trails/niwot-trails/,Boulder County Parks and Open Space,,{D9A33EC0-CDBA-4274-8AEC-91184EBE78D0},BCPOS-POS_TH-6
-105.159819276746,40.1031599208318,7,Lefthand Valley Grange Trailhead,Trailhead,None,https://www.bouldercounty.org/open-space/parks-and-trails/niwot-trails/,Boulder County Parks and Open Space,,{6403EBD0-CF27-4757-B19E-09F554F974BF},BCPOS-POS_TH-7
-105.223860108672,40.246486443655,8,Ron Stewart Preserve at Rabbit Mountain Trailhead,Trailhead,None,https://www.bouldercounty.org/open-space/parks-and-trails/ron-stewart-preserve-rabbit-mountain/,Boulder County Parks and Open Space,,{A2C3D79D-0A2C-41FC-B608-41FE5CADED5B},BCPOS-POS_TH-8
-105.289376495317,40.2120139776092,9,Bitterbrush Trailhead,Trailhead,None,https://www.bouldercounty.org/open-space/parks-and-trails/hall-ranch/,Boulder County Parks and Open Space,,{E11F1BB5-5812-4B42-BD59-472260743672},BCPOS-POS_TH-9
-105.288280291058,40.2105987460582,10,Hall Ranch Trailhead,Trailhead,None,https://www.bouldercounty.org/open-space/parks-and-trails/hall-ranch/,Boulder County Parks and Open Space,,{B9FC43D9-95F4-43F8-BD4A-0EAC171C3870},BCPOS-POS_TH-10
-105.30009059571,40.1492990630968,11,Heil Valley Ranch Main Trailhead,Trailhead,None,https://www.bouldercounty.org/open-space/parks-and-trails/heil-valley-ranch/,Boulder County Parks and Open Space,,{90206A2C-5359-4314-A8BA-DA6A58413EF2},BCPOS-POS_TH-11
-105.337685681442,39.9512295516552,12,Walker Ranch Loop Trailhead,Trailhead,None,https://www.bouldercounty.org/open-space/parks-and-trails/walker-ranch/,Boulder County Parks and Open Space,,{7BC3A6F1-1553-4410-A0DA-6B66E01D666A},BCPOS-POS_TH-12
-105.322331537367,39.9555659188995,13,Ethel Harrold Trailhead,Trailhead,None,https://www.bouldercounty.org/open-space/parks-and-trails/walker-ranch/,Boulder County Parks and Open Space,,{B8684B1A-9180-456A-B668-85D5B36C1437},BCPOS-POS_TH-13
-105.508024166328,39.9792673180587,14,Mud Lake Trailhead,Trailhead,None,https://www.bouldercounty.org/open-space/parks-and-trails/mud-lake/,Boulder County Parks and Open Space,,{46A3C26B-0F16-468D-97B0-14BB84333445},BCPOS-POS_TH-14
-105.519192938221,39.9823453820506,15,Caribou Ranch Trailhead,Trailhead,None,https://www.bouldercounty.org/open-space/parks-and-trails/caribou-ranch/,Boulder County Parks and Open Space,,{AD40D3DC-6C2C-49B9-BDA7-5CF87D00048A},BCPOS-POS_TH-15
-105.190462593345,40.1356411695161,16,Lagerman Trailhead,Trailhead,None,https://www.bouldercounty.org/open-space/parks-and-trails/lagerman,Boulder County Parks and Open Space,,{47DE467E-3843-4709-A2C6-C007B0E94F5F},BCPOS-POS_TH-16
-105.189401719825,40.0159067866329,17,Legion Park Trailhead,Trailhead,None,https://www.bouldercounty.org/open-space/parks-and-trails/legion-park/,Boulder County Parks and Open Space,,{C9148D51-A773-4DC9-881B-F5403963038A},BCPOS-POS_TH-17
-105.340980737837,40.0157676372563,18,Betasso Trailhead East,Trailhead,None,https://www.bouldercounty.org/open-space/parks-and-trails/betasso-preserve/,Boulder County Parks and Open Space,,{3C708A7E-E3B0-4701-8232-280060182267},BCPOS-POS_TH-18
-105.127974624253,40.1599140226058,19,Fairgrounds Lake Trailhead,Trailhead,None,https://www.bouldercounty.org/open-space/fairgrounds/,Boulder County Parks and Open Space,,{F4B60337-1451-463C-BB2C-15650CB93DD0},BCPOS-POS_TH-19
-105.17857983687,40.0508953984415,20,Heatherwood Trailhead,Trailhead,None,https://www.bouldercounty.org/departments/parks-and-open-space/,Boulder County Parks and Open Space,,{395644B6-3C55-4860-AF77-410A48FCE95A},BCPOS-POS_TH-20
-105.060986512406,39.993059456575,21,Flagg Park Trailhead,Trailhead,None,https://www.bouldercounty.org/open-space/parks-and-trails/flagg-park/,Boulder County Parks and Open Space,,{E012A881-5DEE-4590-B685-0DC7AE8DF3B0},BCPOS-POS_TH-21
-105.273052146481,40.2113425740871,22,Picture Rock Trailhead,Trailhead,None,https://www.bouldercounty.org/open-space/parks-and-trails/heil-valley-ranch/,Boulder County Parks and Open Space,,{A96AA2C8-59CF-4949-9F51-3DC1756C7100},BCPOS-POS_TH-22
-105.176511573726,40.1837946809525,23,Pella East Trailhead,Trailhead,None,https://www.bouldercounty.org/open-space/parks-and-trails/pella-crossing/,Boulder County Parks and Open Space,,{C411CD4C-9C54-4E08-96CA-CE3D1E13D439},BCPOS-POS_TH-23
-105.338609244775,39.9579453789425,24,Meyers Gulch Trailhead,Trailhead,None,https://www.bouldercounty.org/open-space/parks-and-trails/walker-ranch/,Boulder County Parks and Open Space,,{C479933F-A90F-4734-B026-7BE34FF79975},BCPOS-POS_TH-24
-105.344150290603,40.0157451839946,25,Betasso Trailhead,Trailhead,None,https://www.bouldercounty.org/open-space/parks-and-trails/betasso-preserve/,Boulder County Parks and Open Space,,{D866A8C6-516F-4B40-81A7-8EC0D6FBCBF4},BCPOS-POS_TH-25
-105.341487280757,40.0476726125708,26,Bald Mountain Trailhead,Trailhead,None,https://www.bouldercounty.org/open-space/parks-and-trails/bald-mountain/,Boulder County Parks and Open Space,,{D3770F25-E922-43FA-8D9D-5B300975F31C},BCPOS-POS_TH-26
-105.19157791016,40.1014015897653,27,Dodd Reservoir Trailhead,Trailhead,None,https://www.bouldercounty.org/open-space/parks-and-trails/dodd-reservoir/,Boulder County Parks and Open Space,,{0FC49A19-013C-420A-8EFD-05B6EF5D4DB2},BCPOS-POS_TH-27
-105.343483034586,40.013527043832,28,Bummer's Rock Trailhead,Trailhead,None,https://www.bouldercounty.org/open-space/parks-and-trails/betasso-preserve/,Boulder County Parks and Open Space,,{55BB585C-0E82-4A16-9BA1-AF0A9E1D49E3},BCPOS-POS_TH-28
-105.166680204644,39.9287265132444,29,Coalton Trailhead,Trailhead,None,https://www.bouldercounty.org/open-space/parks-and-trails/coalton-trailhead/,Boulder County Parks and Open Space,,{4B42BA8B-CD76-4B72-A7A1-A5A1AAB1CADF},BCPOS-POS_TH-31
-105.350695278321,40.0383607217266,30,Fourmile Link Access,TrailAccess,None,https://www.bouldercounty.org/open-space/parks-and-trails/betasso-preserve/,Boulder County Parks and Open Space,,{6FC072DD-14D7-473B-B35D-4412CB1A2E2C},BCPOS-POS_TH-32
-105.333300303854,40.0071701804608,31,Betasso Link Access,TrailAccess,None,https://www.bouldercounty.org/open-space/parks-and-trails/betasso-preserve/,Boulder County Parks and Open Space,,{EB6DBF98-E480-42D0-806E-5719ADBCC7EE},BCPOS-POS_TH-33
-105.200761513074,40.0629985800873,32,Twin Lakes Trailhead,Trailhead,None,https://www.bouldercounty.org/open-space/parks-and-trails/twin-lakes/,Boulder County Parks and Open Space,,{CC9CBD4D-49FF-4BE9-9D34-2E86FAD67AD7},BCPOS-POS_TH-35
-105.157842047076,40.2026090424358,33,Agricultural Heritage Center Trailhead,Trailhead,None,https://www.bouldercounty.org/open-space/education/museums/agricultural-heritage-center/,Boulder County Parks and Open Space,,{541616BA-50A6-4FBB-B0FD-02AC63498F9F},BCPOS-POS_TH-36
-105.127290775455,39.98295558425,34,Harney-Lastoka Trailhead,Trailhead,None,https://www.bouldercounty.org/open-space/parks-and-trails/harney-lastoka/,Boulder County Parks and Open Space,,{7296C0F1-B4E0-4CC8-9F55-0AA6DD45C744},BCPOS-POS_TH-37
-105.298167005344,40.1353839051689,35,Corral Trailhead,Trailhead,None,https://www.bouldercounty.org/open-space/parks-and-trails/heil-valley-ranch/,Boulder County Parks and Open Space,,{6ADC54B1-70A3-4406-9904-60F89E2ACB4E},BCPOS-POS_TH-38
-105.296186278533,40.2276594427432,36,Antelope Trailhead,Trailhead,None,https://www.bouldercounty.org/open-space/parks-and-trails/hall-ranch/,Boulder County Parks and Open Space,,{EA92992E-94CA-47C5-BB55-460CF8D29F6C},BCPOS-POS_TH-29
-105.319419731018,40.0594046785096,37,Anne U. White Trailhead,Trailhead,None,https://www.bouldercounty.org/open-space/parks-and-trails/anne-u-white-trail/,Boulder County Parks and Open Space,,{D41E4CC1-D51E-480A-856A-4A23C9F378A1},BCPOS-POS_TH-30
-105.294018381445,40.0354973288241,38,Dakota Ridge Trail at Hawthorne,TrailAccess,None,https://bouldercolorado.gov/osmp-access-points,City of Boulder OSMP,,{B66269F0-470D-4BCF-85EF-EEE526B6CA2F},OSMP291
-105.406283434141,40.0046415828487,39,Boulder Falls,TrailAccess,None, ,City of Boulder OSMP,,{CC4E9A46-6828-4CB5-BE2B-FE9CA491C719},OSMP296
-105.292225177051,40.048333302249,40,Wonderland Lake at Poplar,TrailAccess,None,https://bouldercolorado.gov/newsroom/city-of-boulder-reminds-visitors-to-stay-healthy-in-city-parks-and-on-open-space-trails,City of Boulder OSMP,,{EC5DE044-4C8D-4072-B8E9-7A060810D072},OSMP407b
-105.145930186983,40.0401679971043,41,East Boulder Trail at Valmont,TrailAccess,None,https://bouldercolorado.gov/newsroom/city-of-boulder-reminds-visitors-to-stay-healthy-in-city-parks-and-on-open-space-trails,City of Boulder OSMP,,{202DEB61-A6C2-4ECC-AECA-9D2C260FCCE0},OSMP501
-105.323254396421,39.9833857843179,42,Green Mt. West Ridge,TrailAccess,Parking,https://bouldercolorado.gov/newsroom/city-of-boulder-reminds-visitors-to-stay-healthy-in-city-parks-and-on-open-space-trails,City of Boulder OSMP,,{A67CD4E6-9491-41D8-AE80-1E3064422916},OSMP228
-105.263574161157,40.0872218522894,43,Left Hand Trail at Pebble Beach Ln.,TrailAccess,None, ,City of Boulder OSMP,,{90F2D3AC-9FCB-4AF6-AD11-A07AB76F4729},OSMP408a
-105.230135476939,40.050970017247,44,Cottonwood at Jay Rd,TrailAccess,None,https://bouldercolorado.gov/newsroom/city-of-boulder-reminds-visitors-to-stay-healthy-in-city-parks-and-on-open-space-trails,City of Boulder OSMP,,{D5EA458E-C5C1-4894-886F-08CED9A97299},OSMP507a
-105.188115722207,40.0760052834262,45,Cottontail at 71st,TrailAccess,None,https://bouldercolorado.gov/newsroom/city-of-boulder-reminds-visitors-to-stay-healthy-in-city-parks-and-on-open-space-trails,City of Boulder OSMP,,{76139C57-7566-4C29-BA4F-6F67052C8EA5},OSMP506
-105.267164845925,39.9745156342066,46,Bear Mountain Drive at Wildwood Ln,TrailAccess,None,https://bouldercolorado.gov/newsroom/city-of-boulder-reminds-visitors-to-stay-healthy-in-city-parks-and-on-open-space-trails,City of Boulder OSMP,,{45314258-37D4-417C-9ECE-98C42AA963B3},OSMP231
-105.263245671512,39.9686527235383,47,Cragmoor,TrailAccess,None,https://bouldercolorado.gov/osmp-access-points,City of Boulder OSMP,,{1EE3B0A3-D342-41D4-B066-6002D2E71FAA},OSMP221
-105.258637553955,39.9652320727385,48,Shanahan Ridge at Hardscrabble,TrailAccess,None,https://bouldercolorado.gov/osmp-access-points,City of Boulder OSMP,,{46F5F821-6205-44D1-8E93-518A336636D1},OSMP218
-105.280368410634,39.9813441606374,49,Table Mesa Water Tank,TrailAccess,None,https://bouldercolorado.gov/newsroom/city-of-boulder-reminds-visitors-to-stay-healthy-in-city-parks-and-on-open-space-trails,City of Boulder OSMP,,{829E05AA-4E25-4EF8-8415-3EB9B2A63604},OSMP1002
-105.26691711213,39.9766742147691,50,Wildwood Road,TrailAccess,None,https://bouldercolorado.gov/newsroom/city-of-boulder-reminds-visitors-to-stay-healthy-in-city-parks-and-on-open-space-trails,City of Boulder OSMP,,{FDBB5045-A3EC-416A-8E7C-8E3CD74C2171},OSMP230
-105.258643638244,39.9672869607672,51,North Fork Shanahan at Lehigh,TrailAccess,None,https://bouldercolorado.gov/osmp-access-points,City of Boulder OSMP,,{02EF5668-FB34-44DC-98D1-4ED96126AD6A},OSMP220
-105.206244293274,39.9142293549476,52,Coalton and Hwy 128,TrailAccess,None,https://bouldercolorado.gov/newsroom/city-of-boulder-reminds-visitors-to-stay-healthy-in-city-parks-and-on-open-space-trails,City of Boulder OSMP,,{CE9AE3C9-6FC4-4B76-9EC6-050A4037FA0D},OSMP109
-105.292126719899,40.024525035414,53,Dakota Ridge Trail at 4th and Valley View,TrailAccess,None,https://bouldercolorado.gov/osmp-access-points,City of Boulder OSMP,,{8CF6B336-F1A1-47AE-99AF-057CD473580F},OSMP290
-105.277714722606,39.997881469499,54,McClintock at Bellevue,TrailAccess,None,https://bouldercolorado.gov/newsroom/city-of-boulder-reminds-visitors-to-stay-healthy-in-city-parks-and-on-open-space-trails,City of Boulder OSMP,,{19FC47D9-5BDC-46DD-BE09-8FEC43B7A2C7},OSMP246
-105.306512591489,40.0050207869096,55,Flagstaff Summit West,Trailhead,Parking,https://bouldercolorado.gov/trailhead/flagstaff-summit-west,City of Boulder OSMP,,{327A9797-7489-4E1E-B6CB-18129CDC2948},OSMP279
-105.303488565799,40.0041877377316,56,Flagstaff Summit East,Trailhead,Parking,https://bouldercolorado.gov/trailhead/flagstaff-summit-east,City of Boulder OSMP,,{0B0DB696-2C7E-4810-9910-3572B51C4223},OSMP277
-105.131779302993,40.0620347568545,57,East Boulder Trail at White Rocks,Trailhead,None,https://bouldercolorado.gov/trailhead/east-boulder-trail-white-rocks,City of Boulder OSMP,,{00991EA5-2932-4C97-9F36-390619622776},OSMP502a
-105.306433741865,40.1112978707332,58,Buckingham Park,Trailhead,None,https://bouldercolorado.gov/trailhead/buckingham-park,City of Boulder OSMP,,{D2249822-B5EB-489D-82AE-899A0366ED6A},OSMP417
-105.309891787686,40.0134647442186,59,Elephant Buttress,TrailAccess,None,https://bouldercolorado.gov/newsroom/city-of-boulder-reminds-visitors-to-stay-healthy-in-city-parks-and-on-open-space-trails,City of Boulder OSMP,,{A2A5854E-FC48-443A-AA51-8E290FAA66F9},OSMP317
-105.295324302797,40.0140342672114,60,The Peoples' Crossing,Trailhead,None,https://bouldercolorado.gov/trailhead/peoples-crossing,City of Boulder OSMP,,{E3B3CCFF-5BC7-482B-84C0-7776D2F073AE},OSMP286
-105.297839269386,40.0200728675627,61,Centennial,Trailhead,None,https://bouldercolorado.gov/trailhead/centennial,City of Boulder OSMP,,{FF3C8F15-B72B-4F04-AAC7-D9FCDEBF4A92},OSMP308
-105.158756500594,40.0216194988849,62,Teller Farm South,Trailhead,None,https://bouldercolorado.gov/trailhead/teller-farm-south,City of Boulder OSMP,,{0C15C4EC-0158-45A3-9685-089F09FB1DE0},OSMP503a
-105.293667308153,40.0118533551069,63,Viewpoint,TrailAccess,None,https://bouldercolorado.gov/newsroom/city-of-boulder-reminds-visitors-to-stay-healthy-in-city-parks-and-on-open-space-trails,City of Boulder OSMP,,{90CD395C-1E76-4CD6-9156-F8011F893E95},OSMP285a
-105.14253241632,40.0397609570876,64,Teller Farm North,Trailhead,None,https://bouldercolorado.gov/trailhead/teller-farm-north,City of Boulder OSMP,,{A12B80C8-F1D9-4FE6-BEB0-54B575A5ECE7},OSMP503
-105.202721893044,40.0119977290967,65,Sombrero Marsh,TrailAccess,None,https://bouldercolorado.gov/newsroom/city-of-boulder-reminds-visitors-to-stay-healthy-in-city-parks-and-on-open-space-trails,City of Boulder OSMP,,{0DB9944D-B3CF-4E86-B25F-21B2909976BE},OSMP509
-105.23696984884,40.0399760865596,66,Cottonwood,Trailhead,None,https://bouldercolorado.gov/trailhead/cottonwood,City of Boulder OSMP,,{49E31FBF-2338-4EC2-B074-573DB363CB80},OSMP507
-105.265761847233,40.1048214392505,67,Left Hand,Trailhead,None,https://bouldercolorado.gov/trailhead/left-hand,City of Boulder OSMP,,{E8BA6F31-5031-4BD9-80F1-5FE0401A677E},OSMP408
-105.262799076764,40.0798279664674,68,Boulder Valley Ranch,Trailhead,None,https://bouldercolorado.gov/trailhead/boulder-valley-ranch,City of Boulder OSMP,,{05601CDF-1ED2-43BF-98A6-C200FE5F8695},OSMP409
-105.235806095763,40.0802957631149,69,Eagle,Trailhead,None,https://bouldercolorado.gov/trailhead/eagle,City of Boulder OSMP,,{8BBD9470-C095-4783-9AEF-DC735A57845C},OSMP410
-105.288948640324,40.0627171834157,70,Four Mile Creek,Trailhead,None,https://bouldercolorado.gov/trailhead/four-mile-creek,City of Boulder OSMP,,{B339F4F0-E1E2-485D-BDF5-B6CBEE864BB9},OSMP403
-105.282458227056,40.0704825831009,71,Foothills,Trailhead,None,https://bouldercolorado.gov/trailhead/foothills,City of Boulder OSMP,,{7AFAEF42-8191-4A53-A4D1-E618170D068F},OSMP401
-105.28241980701,40.0508627694066,72,Wonderland Lake,Trailhead,None,https://bouldercolorado.gov/trailhead/wonderland-lake,City of Boulder OSMP,,{21643C92-5B62-4586-9D7F-1D3B405BBC3D},OSMP407a
-105.185064489241,40.0395350705145,73,Sawhill Ponds,Trailhead,None,https://bouldercolorado.gov/trailhead/sawhill-ponds,City of Boulder OSMP,,{2962289F-CD2B-4105-AF9B-A42556AD416E},OSMP508c
-105.190931236343,39.9996637349304,74,Dry Creek,Trailhead,None,https://bouldercolorado.gov/trailhead/dry-creek,City of Boulder OSMP,,{E2931165-0C89-40F4-AFE4-124FD0E806A6},OSMP514
-105.214556709127,39.9827669358052,75,Cherryvale,Trailhead,None,https://bouldercolorado.gov/trailhead/cherryvale,City of Boulder OSMP,,{5051E9FE-3A58-4B0E-A0C7-B85D807F888F},OSMP513
-105.282737367751,39.9988759674451,76,Chautauqua,Trailhead,None,https://bouldercolorado.gov/trailhead/chautauqua,City of Boulder OSMP,,{A502A973-0935-4162-ADEC-B35F6804B0C9},OSMP250
-105.28020146862,39.9973016996705,77,Enchanted Mesa,Trailhead,None,https://bouldercolorado.gov/trailhead/enchanted-mesa,City of Boulder OSMP,,{17086E52-D37D-4CB4-8D14-D14534C7FDF6},OSMP245
-105.29263782177,39.9975113654326,78,Gregory Canyon,Trailhead,Parking,https://bouldercolorado.gov/trailhead/gregory-canyon,City of Boulder OSMP,,{C1FD8757-C0E6-4240-A6F4-7E15F5CBD3B0},OSMP263
-105.275468600222,39.9787080418357,79,NCAR,Trailhead,None,https://bouldercolorado.gov/trailhead/ncar,City of Boulder OSMP,,{C366034E-52F6-4C1F-8E10-5E2FAADF6BE7},OSMP235
-105.236800676309,39.9602525252882,80,South Boulder Creek West,Trailhead,Parking,https://bouldercolorado.gov/trailhead/south-boulder-creek-west,City of Boulder OSMP,,{795A3723-0DFE-4F8D-A993-52E3AD5737F7},OSMP210
-105.319427299325,39.9911641429463,81,Lost Gulch Overlook,Trailhead,Parking,https://bouldercolorado.gov/trailhead/lost-gulch-overlook,City of Boulder OSMP,,{10EEADC8-08DE-41DC-B7F0-28851739CD14},OSMP957
-105.292884746184,40.0059645492169,82,Panorama Point,Trailhead,Parking,https://bouldercolorado.gov/trailhead/panorama-point,City of Boulder OSMP,,{752912F3-3F19-4907-8007-54FDFFAC24A5},OSMP283
-105.297069514697,40.0017814559228,83,Crown Rock,Trailhead,Parking,https://bouldercolorado.gov/trailhead/crown-rock,City of Boulder OSMP,,{B4463F5C-0259-4131-98E9-777EFD618222},OSMP282
-105.233410233205,39.9286318318277,84,Greenbelt Plateau,Trailhead,Parking,https://bouldercolorado.gov/trailhead/greenbelt-plateau,City of Boulder OSMP,,{36831AA5-6495-4EBA-AAB4-3AD2A4773DBF},OSMP103
-105.231409712016,39.9530848808323,85,Marshall Mesa,Trailhead,Parking,https://bouldercolorado.gov/trailhead/marshall-mesa,City of Boulder OSMP,,{A99FE769-10EB-4529-9E60-24B4E7C7A8A4},OSMP106
-105.235034628885,39.9239620269127,86,Flatirons Vista,Trailhead,Parking,https://bouldercolorado.gov/trailhead/flatirons-vista,City of Boulder OSMP,,{7AC97BC2-B562-4257-BDC9-D6067CF4B041},OSMP116
-105.292738902901,40.0328688105134,87,Dakota Ridge Trail at 3rd and Forest,TrailAccess,None,https://bouldercolorado.gov/osmp-access-points,City of Boulder OSMP,,{6545C256-5912-4FA4-B781-F5C07BD4E7E0},OSMP291a
-105.63441943188,39.9950483389347,88,Fourth of July,Trailhead,None,https://bouldercolorado.gov/trailhead/fourth-july,City of Boulder OSMP,,{FC3FA14A-05D3-44B0-9BEB-8F8CFA3E0DED},OSMP1001
-105.302226553199,40.0003437187437,89,Baseline Picnic Area,TrailAccess,Parking,https://bouldercolorado.gov/newsroom/city-of-boulder-reminds-visitors-to-stay-healthy-in-city-parks-and-on-open-space-trails,City of Boulder OSMP,,{B2B02EEF-7141-47E4-9B3C-E31F628B4AE2},OSMP280a
-105.271128912747,39.9961359715091,90,Four Pines at 17th St,TrailAccess,None,https://bouldercolorado.gov/newsroom/city-of-boulder-reminds-visitors-to-stay-healthy-in-city-parks-and-on-open-space-trails,City of Boulder OSMP,,{83E625EA-0685-4DA5-9F4B-F9AF2DC95134},OSMP292a
-105.294541444383,40.0207214603136,91,Sanitas Valley South at Sunshine Road,TrailAccess,None,,City of Boulder OSMP,,{40930986-B5D1-4844-A8C2-10AF86C6BE91},OSMP288
-105.29384148969,40.0238478281024,92,Dakota Ridge Trail at 4th & Maxwell,TrailAccess,None,https://bouldercolorado.gov/osmp-access-points,City of Boulder OSMP,,{8A769E5E-428F-4EFF-A680-AF7695A446E1},OSMP290a
-105.169058023641,40.0654417744464,93,East Boulder Trail at Boulderado and Cambridge,TrailAccess,None,https://bouldercolorado.gov/newsroom/city-of-boulder-reminds-visitors-to-stay-healthy-in-city-parks-and-on-open-space-trails,City of Boulder OSMP,,{7FBE3983-61EB-40AE-B6CE-E79CB91DFD70},OSMP502
-105.253790098256,39.9647538501935,94,Shanahan Ridge at Galena Way,TrailAccess,None,https://bouldercolorado.gov/osmp-access-points,City of Boulder OSMP,,{EA7D0350-4B81-4FF2-BA39-5D68B01F1244},OSMP219
-105.290036731898,40.0103423853753,95,Viewpoint Trail at University,TrailAccess,None,https://bouldercolorado.gov/newsroom/city-of-boulder-reminds-visitors-to-stay-healthy-in-city-parks-and-on-open-space-trails,City of Boulder OSMP,,{A3FC4A00-EC8D-4BC1-ACF5-340CB0ED5C2B},OSMP285
-105.277547256874,40.0763783656305,96,Eagle Parking Coffee,TrailAccess,None,https://bouldercolorado.gov/osmp-access-points,City of Boulder OSMP,,{70077A32-5F53-4103-B27D-690900BF2E35},OSMP410b
-105.281973082904,40.0728282550332,97,Foothills access to Eagle,TrailAccess,None,,City of Boulder OSMP,,{5BF44007-0762-4FA7-A3D1-69C5125FD3AA},OSMP410a
-105.273654419268,39.9960754122819,98,Four Pines at 15th St,TrailAccess,None,https://bouldercolorado.gov/newsroom/city-of-boulder-reminds-visitors-to-stay-healthy-in-city-parks-and-on-open-space-trails,City of Boulder OSMP,,{B9748D8F-CC60-4A5C-93C4-91D9A226B02F},OSMP292
-105.273812401486,39.9948427349457,99,Four Pines at Sierra,TrailAccess,None,https://bouldercolorado.gov/newsroom/city-of-boulder-reminds-visitors-to-stay-healthy-in-city-parks-and-on-open-space-trails,City of Boulder OSMP,,{EB0B44E0-614A-4A17-B741-FB6696BD5466},OSMP292b
-105.236590448075,39.9679577942022,100,South Boulder Creek at Marshall Rd,TrailAccess,None,https://bouldercolorado.gov/osmp-access-points,City of Boulder OSMP,,{EBDEC3F5-01E8-48F3-AEC2-413B50CC25DA},OSMP511
-105.218619839463,39.993059591466,101,South Boulder Creek at East Bldr Com. Center,TrailAccess,None,,City of Boulder OSMP,,{D079C1A3-8270-4CCA-9DAA-E5A68E34D7EE},OSMP511c
-105.216568991957,39.9862268775881,102,South Boulder Creek at North of S Boulder Rd,TrailAccess,None,,City of Boulder OSMP,,{33E389E3-DD2F-454C-BF2C-F627C0F4E719},OSMP511b
-105.221373731866,39.985665179784,103,South Boulder Creek at South of S Boulder Rd,TrailAccess,None,https://bouldercolorado.gov/osmp-access-points,City of Boulder OSMP,,{44CD388A-6675-4408-945E-E2EC144D0F5C},OSMP511a
-105.28768169777,40.0522310616711,104,Wonderland Lake at Utica,TrailAccess,None,https://bouldercolorado.gov/newsroom/city-of-boulder-reminds-visitors-to-stay-healthy-in-city-parks-and-on-open-space-trails,City of Boulder OSMP,,{CA44C337-704B-4031-90C9-341895A814E3},OSMP407
-105.26738590335,39.9843104814883,105,Table Mesa Trail at South Vassar,TrailAccess,None,https://bouldercolorado.gov/newsroom/city-of-boulder-reminds-visitors-to-stay-healthy-in-city-parks-and-on-open-space-trails,City of Boulder OSMP,,{6CA71204-8B29-46DC-882D-BED1ED71127B},OSMP233
-105.192485971267,40.0436102568735,106,Sawhill Access North,TrailAccess,None,https://bouldercolorado.gov/newsroom/city-of-boulder-reminds-visitors-to-stay-healthy-in-city-parks-and-on-open-space-trails,City of Boulder OSMP,,{02AAE634-815E-49BB-9CEE-1742C9EC9B0D},OSMP508a
-105.188037586743,40.0436410497574,107,Sawhill Access Northeast,TrailAccess,None,https://bouldercolorado.gov/newsroom/city-of-boulder-reminds-visitors-to-stay-healthy-in-city-parks-and-on-open-space-trails,City of Boulder OSMP,,{8DF92AF2-583C-42E4-B742-75518B23EA73},OSMP508
-105.186535049328,40.0418990739892,108,Sawhill Access East,TrailAccess,None,https://bouldercolorado.gov/newsroom/city-of-boulder-reminds-visitors-to-stay-healthy-in-city-parks-and-on-open-space-trails,City of Boulder OSMP,,{93E58A8B-A690-47C7-A94C-FD6A2644A5DB},OSMP508b
-105.282412906152,39.9959438483147,109,Bluebell Road at Bogess Cir,TrailAccess,None,https://bouldercolorado.gov/newsroom/city-of-boulder-reminds-visitors-to-stay-healthy-in-city-parks-and-on-open-space-trails,City of Boulder OSMP,,{61485C58-D546-4951-A3A7-FD6B91A1FF5B},OSMP249
-105.178689443911,40.0727658439172,110,Cottontail Trail at Lookout and 75th,TrailAccess,None,https://bouldercolorado.gov/newsroom/city-of-boulder-reminds-visitors-to-stay-healthy-in-city-parks-and-on-open-space-trails,City of Boulder OSMP,,{B0834692-4866-45C3-855E-110B9C9601D3},OSMP506a
-105.173748274165,40.0654089282545,111,East Boulder Trail at Boulderado and Durham,TrailAccess,None,https://bouldercolorado.gov/newsroom/city-of-boulder-reminds-visitors-to-stay-healthy-in-city-parks-and-on-open-space-trails,City of Boulder OSMP,,{DD67693A-C902-42CB-98C0-6A7AE7423DC7},OSMP502b
-105.2911338201,40.0654947145519,112,Foothills at Second and Dakota Blvd,TrailAccess,None,https://bouldercolorado.gov/newsroom/city-of-boulder-reminds-visitors-to-stay-healthy-in-city-parks-and-on-open-space-trails,City of Boulder OSMP,,{ED5797FC-3813-429F-8107-55028BF085FE},OSMP401b
-105.28977029428,40.0687330644837,113,Foothills at Second and Denver,TrailAccess,None,https://bouldercolorado.gov/newsroom/city-of-boulder-reminds-visitors-to-stay-healthy-in-city-parks-and-on-open-space-trails,City of Boulder OSMP,,{65C2418F-D65F-4A4C-B43B-6ED33105F707},OSMP401a
-105.164295242243,40.0182209136168,114,East Boulder Trail at Willow Glenn,TrailAccess,None,https://bouldercolorado.gov/newsroom/city-of-boulder-reminds-visitors-to-stay-healthy-in-city-parks-and-on-open-space-trails,City of Boulder OSMP,,{427D096E-9BDF-4860-87D8-C869371B2BEE},OSMP505
-105.309222824871,39.9966453342973,115,Ranger Trail,TrailAccess,Parking,https://bouldercolorado.gov/newsroom/city-of-boulder-reminds-visitors-to-stay-healthy-in-city-parks-and-on-open-space-trails,City of Boulder OSMP,,{F8FFD4D5-3106-47F2-8178-17C8349F88B7},OSMP270
-105.290851159806,39.9993875800215,116,Flagstaff Trail at Gregory Canyon,TrailAccess,None,,City of Boulder OSMP,,{6EAEB369-31B6-4442-9754-7BAFB5E98323},OSMP280
-105.290515393808,39.9991668695825,117,Baseline Trail at Gregory Canyon,TrailAccess,None,https://bouldercolorado.gov/newsroom/city-of-boulder-reminds-visitors-to-stay-healthy-in-city-parks-and-on-open-space-trails,City of Boulder OSMP,,{2FE3623D-283B-444D-8D69-450D17EE91F8},OSMP251
-105.282992798312,39.9997535553301,118,Baseline Trail at Bluebell Road,TrailAccess,None,https://bouldercolorado.gov/newsroom/city-of-boulder-reminds-visitors-to-stay-healthy-in-city-parks-and-on-open-space-trails,City of Boulder OSMP,,{5606B99E-69D0-4C15-8F08-5D6D31F830A9},OSMP251a
-105.277341826541,39.9892283257505,119,Kohler Mesa Trail Road at NIST Road,TrailAccess,None,https://bouldercolorado.gov/newsroom/city-of-boulder-reminds-visitors-to-stay-healthy-in-city-parks-and-on-open-space-trails,City of Boulder OSMP,,{78330223-6224-4BEF-BE1F-6A6EC073AA9A},OSMP241
-105.271602277291,39.9892830711445,120,Skunk Canyon Trail at Deer Valley and Holly Berry,TrailAccess,None,https://bouldercolorado.gov/newsroom/city-of-boulder-reminds-visitors-to-stay-healthy-in-city-parks-and-on-open-space-trails,City of Boulder OSMP,,{1F06096D-B279-46CF-885B-BA2854764285},OSMP239
-105.294555803953,40.0065008755761,121,Halfway House,Trailhead,Parking,https://bouldercolorado.gov/trailhead/halfway-house,City of Boulder OSMP,,{EBF01132-06D5-407B-BE7E-4393D2A36637},OSMP284
-105.309072778371,39.9973363872044,122,Realization Point,Trailhead,Parking,https://bouldercolorado.gov/trailhead/realization-point,City of Boulder OSMP,,{B88C6A36-D37D-4BC1-9C13-39D0CD1C1E6B},OSMP272
-105.296259440025,40.0206281995883,123,Mt SanitasTrail at Sunshine Road,TrailAccess,None,,City of Boulder OSMP,,{5EFC7EF8-FF46-4656-925B-0AEF7DF8922D},OSMP289
-105.258057474047,39.9385946785748,124,South Mesa,Trailhead,Parking,https://bouldercolorado.gov/trailhead/south-mesa,City of Boulder OSMP,,{85A4617A-E2ED-4B43-8E64-9A3F3B4207C7},OSMP201
-105.256649473535,39.9382445005132,125,Doudy Draw,Trailhead,Parking,https://bouldercolorado.gov/trailhead/doudy-draw,City of Boulder OSMP,,{2E294759-EEAA-444C-B7D8-EC10BC32411B},OSMP101
-105.270488389694,39.9317175271561,126,CR S. 67 - Fowler,TrailAccess,None,https://bouldercolorado.gov/newsroom/city-of-boulder-reminds-visitors-to-stay-healthy-in-city-parks-and-on-open-space-trails,City of Boulder OSMP,,{A37B423C-AC04-47BE-9396-33B776D11DC6},OSMP108
-105.319826369601,39.9863829412567,127,Long Canyon,TrailAccess,Parking,https://bouldercolorado.gov/newsroom/city-of-boulder-reminds-visitors-to-stay-healthy-in-city-parks-and-on-open-space-trails,City of Boulder OSMP,,{2046F3C6-0493-4291-8D4C-1D486D7637EB},OSMP271
-105.250698635139,39.9643395096769,128,Greenbriar,TrailAccess,None,https://bouldercolorado.gov/osmp-access-points,City of Boulder OSMP,,{6B3948AC-5FBD-49E2-8DD1-24A3D19D9376},OSMP222
-105.218538068517,39.955790302694,129,Old Marshall Mesa,TrailAccess,None,https://bouldercolorado.gov/newsroom/city-of-boulder-reminds-visitors-to-stay-healthy-in-city-parks-and-on-open-space-trails,City of Boulder OSMP,,{C6DACA68-1C5A-4290-ACE5-7FBD17CD97BA},OSMP959
-105.199461044495,39.9589971958294,130,South 66th,TrailAccess,None,https://bouldercolorado.gov/newsroom/city-of-boulder-reminds-visitors-to-stay-healthy-in-city-parks-and-on-open-space-trails,City of Boulder OSMP,,{7F9FE982-27AF-43A7-AF3B-89F94B1D0281},OSMP960
-105.304945231642,40.0034056099356,131,Upper Flagstaff Trail,TrailAccess,Parking,https://bouldercolorado.gov/newsroom/city-of-boulder-reminds-visitors-to-stay-healthy-in-city-parks-and-on-open-space-trails,City of Boulder OSMP,,{C43BBE43-1EAD-437D-A8F7-C5252286C6CA},OSMP280b
-105.315804224002,40.0336192599162,132,Lion's Lair at Sunshine Hairpin,TrailAccess,None,,City of Boulder OSMP,,{17710EA6-0A26-46DF-8895-E10AE91C4B1F},OSMP324a
-105.298016782774,40.0019156373003,133,Upper Crown Rock,TrailAccess,Parking,https://bouldercolorado.gov/newsroom/city-of-boulder-reminds-visitors-to-stay-healthy-in-city-parks-and-on-open-space-trails,City of Boulder OSMP,,{7441A8F2-ACFA-4A67-B6A8-0A619E7B5BB3},OSMP276
-105.272221441998,39.9861172414466,134,Holly Berry,TrailAccess,None,https://bouldercolorado.gov/newsroom/city-of-boulder-reminds-visitors-to-stay-healthy-in-city-parks-and-on-open-space-trails,City of Boulder OSMP,,{F08C587A-5897-44D4-9187-064BA00ED9F7},OSMP242
-105.325313833617,40.0088498352855,135,Chapman Drive,Trailhead,None,https://bouldercolorado.gov/trailhead/chapman-drive,City of Boulder OSMP,,{C6A49096-3A4C-48DB-A531-7374A5A0F6BE},OSMP297
-105.28260645357,40.1101474441015,136,Joder Ranch,Trailhead,None,https://bouldercolorado.gov/trailhead/joder-ranch,City of Boulder OSMP,,{4D9B5296-7859-4F63-B838-19514C0E5A2A},OSMP418
-105.302721265307,40.108992837925,137,Joder at Old Stage Road,TrailAccess,None,https://bouldercolorado.gov/osmp-access-points,City of Boulder OSMP,,{BE0E341E-5DC6-465D-89DE-D303C6107A22},OSMP419
-105.289561951609,40.0539275970683,138,Foothills at Locust,TrailAccess,None,https://bouldercolorado.gov/newsroom/city-of-boulder-reminds-visitors-to-stay-healthy-in-city-parks-and-on-open-space-trails,City of Boulder OSMP,,{8AB499D5-C8BD-4658-AEDA-5E323D5C288E},OSMP1007
-105.221381485225,39.9805971039642,139,South Boulder Creek at US 36 - North,TrailAccess,None,https://bouldercolorado.gov/osmp-access-points,City of Boulder OSMP,,{980E5536-4AA8-4B85-853D-27361AA9894B},OSMP1006
-105.221543865594,39.980252307675,140,South Boulder Creek at US 36 - South,TrailAccess,None,https://bouldercolorado.gov/osmp-access-points,City of Boulder OSMP,,{A13A1D12-0047-4021-8A8F-94F2830B7920},OSMP1008
-105.269660733196,39.9855518293896,141,Table Mesa Trail at North Vassar,TrailAccess,None,https://bouldercolorado.gov/newsroom/city-of-boulder-reminds-visitors-to-stay-healthy-in-city-parks-and-on-open-space-trails,City of Boulder OSMP,,{A3E045B1-179A-48F0-9200-99B23A11888B},OSMP233b
-105.287354697532,40.0000093140801,142,Baseline Connector West Access,TrailAccess,None,https://bouldercolorado.gov/newsroom/city-of-boulder-reminds-visitors-to-stay-healthy-in-city-parks-and-on-open-space-trails,City of Boulder OSMP,,{F453E75D-5648-4DE8-BC6C-8A00B879BCE8},OSMP252a
-105.28654950161,40.0000142976574,143,Baseline at 6th,TrailAccess,None,https://bouldercolorado.gov/newsroom/city-of-boulder-reminds-visitors-to-stay-healthy-in-city-parks-and-on-open-space-trails,City of Boulder OSMP,,{ECF1EC62-139E-4C52-A619-6E661ABC752E},OSMP252b
-105.285325227235,40.0000147284388,144,Baseline at 7th,TrailAccess,None,https://bouldercolorado.gov/newsroom/city-of-boulder-reminds-visitors-to-stay-healthy-in-city-parks-and-on-open-space-trails,City of Boulder OSMP,,{BFFAEF4D-ABAD-4A61-9716-745EEF8C3548},OSMP252c
-105.28414101323,40.0000111424928,145,Baseline at 8th,TrailAccess,None,https://bouldercolorado.gov/newsroom/city-of-boulder-reminds-visitors-to-stay-healthy-in-city-parks-and-on-open-space-trails,City of Boulder OSMP,,{8FAEF262-F524-4E6A-BC81-10750847218B},OSMP252d
-105.27933494651,39.9981497489104,146,McClintock at 12th,TrailAccess,Parking,https://bouldercolorado.gov/newsroom/city-of-boulder-reminds-visitors-to-stay-healthy-in-city-parks-and-on-open-space-trails,City of Boulder OSMP,,{8ABF4413-AC40-4E68-83E0-D865A93A7B2F},OSMP247
-105.214838680413,39.9998894142749,147,Bobolink,Trailhead,None,https://bouldercolorado.gov/trailhead/bobolink,City of Boulder OSMP,,{870A9521-C7A9-4058-AC52-2F6A23888236},OSMP512
-105.226282270308,40.0872106415465,148,Boulder Reservoir 55th Street,Trailhead,None,https://bouldercolorado.gov/parks-rec/boulder-reservoir,City of Boulder Parks and Recreation,,{C4767BDA-7C9D-467C-AA3E-B38A2AF7FC1D},COBPR001
-105.206426180559,40.085894005579,149,Tom Watson Park,Trailhead,None,https://bouldercolorado.gov/parks-rec/tom-watson-park,City of Boulder Parks and Recreation,,{C0EE6FFF-82BD-49E6-9F30-58868D02E56B},COBPR002
-105.207219615737,40.0858883595487,150,Coot Lake,Trailhead,None,https://bouldercolorado.gov/parks-rec/coot-lake,City of Boulder Parks and Recreation,,{EF2678D6-40AD-4974-9481-92E22CBDCBC8},COBPR003
-105.288313597893,40.0655174223073,151,Dakota Ridge Park,TrailAccess,None,https://bouldercolorado.gov/parks-rec/dakota-ridge-park-update,City of Boulder Parks and Recreation,,{247578FE-B2C5-4E3F-9403-1736A328606C},COBPR004
-105.200725127712,40.0633236696745,152,Eaton Park,TrailAccess,None,https://bouldercolorado.gov/parks-rec/eaton-park,City of Boulder Parks and Recreation,,{5CD69457-E83F-441F-84E0-FC9181B5925A},COBPR005
-105.294595794255,40.013345116417,153,Eben G. Fine Park,Trailhead,None,https://bouldercolorado.gov/parks-rec/eben-g-fine-park,City of Boulder Parks and Recreation,,{6A769707-4EB2-4258-912B-D475001FEF57},COBPR006
-105.260577358911,40.0471139770718,154,Elks Park,TrailAccess,None,https://bouldercolorado.gov/parks-rec/elks-neighborhood-park,City of Boulder Parks and Recreation,,{B8D909D6-434D-46C9-9CA7-95DCC229407B},COBPR007
-105.288486827216,40.0572011099091,155,Foothills Community Park,Trailhead,None,https://bouldercolorado.gov/parks-rec/foothills-community-park,City of Boulder Parks and Recreation,,{FFC5D944-2516-4AAC-8960-645D626166F3},COBPR008
-105.215155453332,40.0274544872954,156,Gerald Stazio Ballfields North,Trailhead,None,https://bouldercolorado.gov/parks-rec/gerald-stazio-softball-fields,City of Boulder Parks and Recreation,,{4094FCAD-290F-4312-BCA6-52C68F5B2BE3},COBPR009
-105.211795485573,40.0230137952127,157,Gerald Stazio Ballfields South,Trailhead,None,https://bouldercolorado.gov/parks-rec/gerald-stazio-softball-fields,City of Boulder Parks and Recreation,,{88F2CD64-CE5B-4F26-A795-B3B5E843E2E6},COBPR010
-105.250180487782,39.9738260631922,158,Harlow Platts Community Park,Trailhead,None,https://bouldercolorado.gov/parks-rec/harlow-platts-park,City of Boulder Parks and Recreation,,{746D1C53-73BE-4D39-9FDC-B1D85D45AD27},COBPR011
-105.249034616568,40.0331667974105,159,Howard Heuston Park,TrailAccess,None,https://bouldercolorado.gov/parks-rec/howard-heuston-park,City of Boulder Parks and Recreation,,{100E4607-6A24-4252-A110-A796CF90FEF6},COBPR012
-105.229006389848,39.993160284768,160,Keewaydin Park,TrailAccess,None,https://bouldercolorado.gov/parks-rec/keewaydin-meadows-park,City of Boulder Parks and Recreation,,{4993AD8A-0637-4D1A-858B-E1D9ADBBD347},COBPR013
-105.249610761856,39.988490409417,161,Martin Park,TrailAccess,None,https://bouldercolorado.gov/parks-rec/martin-park,City of Boulder Parks and Recreation,,{38DC3931-540D-40BA-A253-B20B1FB9D6DC},COBPR014
-105.25059840651,39.9879308975897,162,Martin Park,Trailhead,None,https://bouldercolorado.gov/parks-rec/martin-park,City of Boulder Parks and Recreation,,{40286F3F-F295-4723-BC4E-7E2EB0A71582},COBPR015
-105.222041293309,40.00575412017,163,Meadow Glen Park,TrailAccess,None,https://bouldercolorado.gov/parks-rec/meadow-glen-park,City of Boulder Parks and Recreation,,{B9CE1CFC-D89D-4824-82FA-23A2E477CAEC},COBPR016
-105.245164061673,40.0429824540873,164,Pleasant View Fields Sports Complex,Trailhead,None,https://bouldercolorado.gov/parks-rec/pleasant-view-fields-sports-complex,City of Boulder Parks and Recreation,,{22E360C1-B73D-4FBA-8D9F-3E5B24ED83A0},COBPR017
-105.234240699634,40.031403707216,165,Valmont Bike Park,Trailhead,None,https://bouldercolorado.gov/parks-rec/valmont-bike-park,City of Boulder Parks and Recreation,,{FCB0AA92-C2BD-4F6B-AC56-20B52C10BB57},COBPR018
-105.230402698786,40.0299054388192,166,Valmont Bike Park,Trailhead,None,https://bouldercolorado.gov/parks-rec/valmont-bike-park,City of Boulder Parks and Recreation,,{E3C12F68-0029-48E4-925F-5F95E86EB3DB},COBPR019
-105.234716351288,40.0286643764872,167,Valmont City Park South,Trailhead,None,https://bouldercolorado.gov/parks-rec/valmont-city-park,City of Boulder Parks and Recreation,,{DD2FF8AA-A3C3-472A-BC42-708C1114CF53},COBPR020
-105.289701430329,40.0466463823301,168,Wonderland Park,TrailAccess,None,https://bouldercolorado.gov/parks-rec/wonderland-lake-park,City of Boulder Parks and Recreation,,{FAF1C1C1-C42D-42BB-AF79-5550243E7D64},COBPR021
-105.232757800288,40.0714557073411,169,Boulder Reservoir Regional Park,TrailAccess,Yes,https://bouldercolorado.gov/parks-rec/boulder-reservoir,City of Boulder Parks and Recreation,,{A9F7E8E4-E3D1-4679-9F0E-BD19AFDC3000},COBPR022
-105.030203120606,39.979509201241,170,,Trailhead,None,https://www.broomfield.org/1061/Contact-Open-Space,City and County of Broomfield,,{D2ED1937-C736-4190-8345-CB5F0D40A1C5},BROO-135394
-105.030203120606,39.979509201241,171,,Trailhead,None,https://www.broomfield.org/1061/Contact-Open-Space,City and County of Broomfield,,{7B4B3E5F-EFFF-4F66-A38C-3C515FC87D6C},BROO-117696
-105.032524216384,39.917174879606,172,,Trailhead,None,https://www.broomfield.org/1061/Contact-Open-Space,City and County of Broomfield,,{621E7742-4C76-4AFA-9A94-952A124D5511},BROO-221496
-105.015200316622,39.9453664642275,173,,Trailhead,None,https://www.broomfield.org/1061/Contact-Open-Space,City and County of Broomfield,,{692283BB-C464-4868-8D5E-430772F10A63},BROO-117679
-105.071105315429,39.9261373094074,174,,Trailhead,None,https://www.broomfield.org/1061/Contact-Open-Space,City and County of Broomfield,,{425E732B-81D1-4D62-B55B-88B5BD1E042C},BROO-117688
-105.060936009121,39.9928233012592,175,,Trailhead,None,https://www.broomfield.org/1061/Contact-Open-Space,City and County of Broomfield,,{9716CED5-B0A8-4474-A58D-A4D21D757A39},BROO-117700
-105.108680224101,39.920940421861,176,,Trailhead,None,https://www.broomfield.org/1061/Contact-Open-Space,City and County of Broomfield,,{CBCB7DAA-F55A-401E-B9CA-EFCE4EDCD6D4},BROO-135395
-105.022956093206,39.9446977831233,177,,Trailhead,None,https://www.broomfield.org/1061/Contact-Open-Space,City and County of Broomfield,,{EA7B9640-37E6-4E49-B6BA-D45BF7274E7F},BROO-135390
-105.108707107085,39.9209080572589,178,,Trailhead,None,https://www.broomfield.org/1061/Contact-Open-Space,City and County of Broomfield,,{67223254-710A-4D05-B30F-8F7F5C7ED6CD},BROO-117697
-105.022956093206,39.9446977831233,179,,Trailhead,None,https://www.broomfield.org/1061/Contact-Open-Space,City and County of Broomfield,,{16C22F95-2BDC-4B8E-852A-1402D391CCEF},BROO-117691
-105.035462821274,39.9313737779853,180,County Commons Trailhead,Trailhead,None,https://www.broomfield.org/1061/Contact-Open-Space,City and County of Broomfield,,{5457C090-E4F1-40CE-B4CC-F0FB72880C2A},BROO-135391
-105.00898186112,39.9277742669025,181,,Trailhead,None,https://www.broomfield.org/1061/Contact-Open-Space,City and County of Broomfield,,{63D87050-AABD-4ECD-B775-72E622DA3606},BROO-117689
-105.037748275494,39.9987872985619,182,,Trailhead,None,https://www.broomfield.org/1061/Contact-Open-Space,City and County of Broomfield,,{F634B73E-8AD9-4672-BC40-9070CB01CE6A},BROO-135393
-105.00898186112,39.9277742669025,183,,Trailhead,None,https://www.broomfield.org/1061/Contact-Open-Space,City and County of Broomfield,,{0BC9F41E-66EE-4044-9CDF-860F038A41F2},BROO-135389
-105.037748275494,39.9987872985619,184,,Trailhead,None,https://www.broomfield.org/1061/Contact-Open-Space,City and County of Broomfield,,{14CFE703-F092-487A-99D0-9F89182B8783},BROO-117695
-105.015806861797,39.9520245035186,185,,Trailhead,None,https://www.broomfield.org/1061/Contact-Open-Space,City and County of Broomfield,,{EED92F78-E316-4636-85DE-D2647078A447},BROO-135396
-105.009613953483,39.9575782597151,186,,Trailhead,None,https://www.broomfield.org/1061/Contact-Open-Space,City and County of Broomfield,,{B886547D-4B94-444C-A5CC-3D9C3799BEE6},BROO-119706
-105.046610589658,40.0290152188157,187,Coal Creek Trailhead @ LAWSC,Trailhead,None,https://www.erieco.gov,Town of Erie,,{B6ACBBC4-3C7B-4D28-BCE9-8631B9C23A65},ERIE-ETH_1
-105.042492983687,40.044188268261,188,Coal Creek Trailhead @ Erie Pkwy,Trailhead,None,https://www.erieco.gov,Town of Erie,,{FDCD01BC-EB78-487F-8346-FC1021F7D44F},ERIE-ETH_2
-105.04675317026,40.0561280075643,189,Coal Creek Trailhead @ Reliance Park,Trailhead,None,https://www.erieco.gov,Town of Erie,,{2AAC5D7D-7AAD-41FD-AD3D-4214C3712BF7},ERIE-ETH_3
-105.10241032927,40.0193844780847,190,Erie Lake Trailhead,Trailhead,None,https://www.erieco.gov,Town of Erie,,{3E39ADA3-27E5-48C4-9A12-B29B6B6DB0FC},ERIE-ETH_4
-105.07350385856,40.0335958647259,191,Thomas Reservoir Trailhead ,Trailhead,None,https://www.erieco.gov,Town of Erie,,{71FDEA1D-B12D-4F1D-8995-78D7C0BC81EC},ERIE-ETH_5
-105.091106769659,39.9801113558029,192,Public Road Trailhead,Trailhead,None,http://cityoflafayette.com/98/Parks-Recreation-Open-Space,City of Lafayette,,{80101EBF-FD12-47F0-A307-5C4B7A3750EB},LAF-1
-105.071478427988,39.9788856463913,193,Rock Creek East Trailhead,Trailhead,None,http://cityoflafayette.com/98/Parks-Recreation-Open-Space,City of Lafayette,,{A4C66AB3-019A-4371-B9AF-7437BE137944},LAF-2
-105.06092623545,39.9928009058315,194, ,Trailhead,None,http://cityoflafayette.com/98/Parks-Recreation-Open-Space,City of Lafayette,,{35C66050-6463-40FC-83BB-3D645BA9D2D9},LAF-3
-105.137339578158,40.169427578998,195,Golden Ponds,Trailhead,None,http://longmontcolorado.gov/Home/Components/StaffDirectory/StaffDirectory/913/716,City of Longmont,,{A7B8224E-7FD4-4984-9EF3-8830FF56BAC9},LONG-1
-105.120453086973,40.1616306188678,196,Isaac Walton Park,Trailhead,None,http://longmontcolorado.gov/Home/Components/StaffDirectory/StaffDirectory/913/716,City of Longmont,,{0CD4BCDC-86A5-4DD2-9BA4-FBDEE73BD3FF},LONG-2
-105.107588810557,40.1576265444078,197,Sundial Park,Trailhead,None,http://longmontcolorado.gov/Home/Components/StaffDirectory/StaffDirectory/913/716,City of Longmont,,{A89A8550-3AEA-43A0-A146-0EE2FCCAB8B0},LONG-3
-105.100128864468,40.1540233395105,198,Dickens Park Wast,Trailhead,None,http://longmontcolorado.gov/Home/Components/StaffDirectory/StaffDirectory/913/716,City of Longmont,,{CE7DF328-AF2D-4C33-991F-9E29795B7B52},LONG-4
-105.095908620586,40.1540530855329,199,Dickens Park East,Trailhead,None,http://longmontcolorado.gov/Home/Components/StaffDirectory/StaffDirectory/913/716,City of Longmont,,{A1E11F3D-03B9-43BD-A854-9573B821800C},LONG-5
-105.074381243098,40.1540872662534,200,N 119th St,Trailhead,None,http://longmontcolorado.gov/Home/Components/StaffDirectory/StaffDirectory/913/716,City of Longmont,,{B1D283BD-9A0A-49EA-9FA5-3BDF74201563},LONG-12
-105.055198712844,40.1487729281378,201,County Line Rd,Trailhead,None,http://longmontcolorado.gov/Home/Components/StaffDirectory/StaffDirectory/913/716,City of Longmont,,{CA01BE31-C731-4BD3-99DD-38B6B2F26A3E},LONG-13
-105.039499318358,40.1530371557814,202,Sandstone Park,Trailhead,None,http://longmontcolorado.gov/Home/Components/StaffDirectory/StaffDirectory/913/716,City of Longmont,,{CF5FC63E-6153-4891-842F-F325889B0818},LONG-6
-105.144382193017,40.1969720706549,203,McIntosh Lake,Trailhead,None,http://longmontcolorado.gov/Home/Components/StaffDirectory/StaffDirectory/913/716,City of Longmont,,{C129265B-A8A0-4A25-B248-3B6E33D4167F},LONG-7
-105.138888285386,40.1920261086888,204,Dawson Park,Trailhead,None,http://longmontcolorado.gov/Home/Components/StaffDirectory/StaffDirectory/913/716,City of Longmont,,{263AE6CF-60AD-4510-BEA2-571D4C425B0B},LONG-8
-105.129897884038,40.1633591944093,205,Rogers Grove Park,Trailhead,None,http://longmontcolorado.gov/Home/Components/StaffDirectory/StaffDirectory/913/716,City of Longmont,,{1AAF1C52-AB6A-4EF6-9CED-AD5FCF504E3C},LONG-9
-105.116144129066,40.1369949886031,206,Left Hand Creek Park,Trailhead,None,http://longmontcolorado.gov/Home/Components/StaffDirectory/StaffDirectory/913/716,City of Longmont,,{15E1C218-DF10-4E06-95FC-33ACF8C97AF8},LONG-10
-105.106810918928,40.1451041290122,207,Kanemoto Park,Trailhead,None,http://longmontcolorado.gov/Home/Components/StaffDirectory/StaffDirectory/913/716,City of Longmont,,{1689E73F-96C0-4D6E-81AE-A20FCE5B13DE},LONG-11
-105.140690654392,40.1488172498644,208,Willow Creek Park,Trailhead,None,http://longmontcolorado.gov/Home/Components/StaffDirectory/StaffDirectory/913/716,City of Longmont,,{2388AC26-F644-412A-A541-F8262A1F366E},LONG-14
-105.127934465966,40.1598695097122,209,Roger's Grovr Park,Trailhead,None,http://longmontcolorado.gov/Home/Components/StaffDirectory/StaffDirectory/913/716,City of Longmont,,{3B0D0847-B66C-4F9C-BC89-718326872CAC},LONG-15
-105.094065500405,40.1537892666145,210,Dickens Park,Trailhead,None,http://longmontcolorado.gov/Home/Components/StaffDirectory/StaffDirectory/913/716,City of Longmont,,{E1B189BC-95CF-491D-8E20-7BD6F00A425D},LONG-16
-105.088015516748,40.1780652551371,211,Clark Centennial Park,Trailhead,None,http://longmontcolorado.gov/Home/Components/StaffDirectory/StaffDirectory/913/716,City of Longmont,,{54CF489C-78B8-4561-A26C-DDD04138853E},LONG-17
-105.089926461529,40.195671274616,212,Rough N Ready Park,Trailhead,None,http://longmontcolorado.gov/Home/Components/StaffDirectory/StaffDirectory/913/716,City of Longmont,,{17DE0B98-319A-4569-BDC6-B3D1840801B5},LONG-18
-105.115006156739,39.9732309129845,213,Aquarius Trailhead,Trailhead,None,http://www.louisvilleco.gov/about-us/trails-and-maps,Boulder County,,{CE42C68F-1DFA-44FB-BAE2-91E8DB198C8A},LOU-2
-105.164897912086,39.9785286828626,214,,Trailhead,None,http://www.louisvilleco.gov/about-us/trails-and-maps,Boulder County,,{777A558B-96B4-4FE0-BC75-113220F2B9BF},LOU-7
-105.166400302178,39.9780806998342,215,,Trailhead,None,http://www.louisvilleco.gov/about-us/trails-and-maps,Boulder County,,{6D8376DA-F2E6-49BB-89C3-8A9BA7C59600},LOU-9
-105.141467162615,39.9687964859459,216,,Trailhead,None,http://www.louisvilleco.gov/about-us/trails-and-maps,Boulder County,,{8F2C1BA1-57EB-45EC-9932-9D57B7AD4E2E},LOU-10
-105.147149080449,39.9653549071703,217,Goodhue Ditch Trailhead,Trailhead,None,http://www.louisvilleco.gov/about-us/trails-and-maps,Boulder County,,{CE9C5445-CE6C-4A89-BA97-E7DFD6353891},LOU-15
-105.273587983463,40.223623338687,218,LaVerne Johnson Parking Lot,Trailhead,Parking,http://www.townoflyons.com/157/Parks-Recreation,Town of Lyons,LaVerne Johnson Trail System,{51B177BA-762E-48AC-A881-CB7200EDEF82},LYO-267
-105.265889654142,40.2194261958645,219,Bohn Park Parking Lot,Trailhead,None,http://www.townoflyons.com/157/Parks-Recreation,Town of Lyons,Bohn Park Trail,{F9162299-9A90-4B5D-86CF-49FE5FB8DA32},LYO-271
-105.268702818286,40.2235883260244,220,Sandstone Park Parking Lot,Trailhead,None,http://www.townoflyons.com/157/Parks-Recreation,Town of Lyons,Sandstone Park Trail System,{483BEE09-604D-4C0B-B560-36FA56FDD798},LYO-273
-105.263625772963,40.2210395439282,221,Black Bear Hole,Trailhead,None,http://www.townoflyons.com/157/Parks-Recreation,Town of Lyons,Bohn Park Trail,{AC601D74-61A4-49CD-A548-DB3F44156E57},LYO-275
-105.27188144224,40.2236314507137,222,LaVerne Johnson Park Perimeter Trail - Town Hall/Highway Access,TrailAccess,Parking,http://www.townoflyons.com/157/Parks-Recreation,Town of Lyons,LaVerne Johnson Trail System,{C67BA2F5-5D54-47A4-9104-D32E048026D1},LYO-278
-105.271716701996,40.2194315310513,223,Bohn Park Trail - Highway Access,TrailAccess,None,http://www.townoflyons.com/157/Parks-Recreation,Town of Lyons,Bohn Park Trail System,{2E1D6E18-E5AC-460B-B205-F7927C238CEF},LYO-279
-105.263342137997,40.2208334030161,224,Black Bear Hole,TrailAccess,None,http://www.townoflyons.com/157/Parks-Recreation,Town of Lyons,Bohn Park Trail System,{B0B2D058-6EFE-4852-B546-6E7289388E7B},LYO-280
-105.265356355799,40.2200479569948,225,Bohn Park Trail - 2nd Ave. Access,TrailAccess,None,http://www.townoflyons.com/157/Parks-Recreation,Town of Lyons,Bohn Park Trail System,{D57CED82-0845-4C18-9B59-9CEDAA239CF5},LYO-281
-105.257759408544,40.216286910219,226,Bohn Park Trail - McConnell Dr. Access,TrailAccess,None,http://www.townoflyons.com/157/Parks-Recreation,Town of Lyons,Bohn Park Trail System,{79B22E01-DAA7-445B-9670-2D6C3DA9F0A1},LYO-282
-105.25600668583,40.2198241469669,227,Stone Canyon Dr. - SW Access,TrailAccess,None,http://www.townoflyons.com/157/Parks-Recreation,Town of Lyons,Stone Canyon Trail System,{C29AA74F-CF4B-4E32-BBF0-0846CCBE0808},LYO-283
-105.257016569178,40.2200081025828,228,Osprey Ln. Access,TrailAccess,None,http://www.townoflyons.com/157/Parks-Recreation,Town of Lyons,Stone Canyon Trail,{3A3E52A6-9EEE-4C77-9F6C-EF8F62AFCF03},LYO-284
-105.256737561433,40.2203709652917,229,Private Property Owner Access,TrailAccess,None,http://www.townoflyons.com/157/Parks-Recreation,Town of Lyons,Stone Canyon Trail System,{82D73175-A000-4C3B-88CF-54655B936163},LYO-285
-105.256899100081,40.2207444591848,230,Peregrine Ln. Access,TrailAccess,None,http://www.townoflyons.com/157/Parks-Recreation,Town of Lyons,Stone Canyon Trail System,{F1D47199-E9A2-42BB-B240-5C9D72B215CE},LYO-286
-105.256234733945,40.2216920889941,231,Falcon Ln. Access,TrailAccess,None,http://www.townoflyons.com/157/Parks-Recreation,Town of Lyons,Stone Canyon Trail System,{93E4EFA3-A6C5-4F2B-B05B-369CF51281E4},LYO-287
-105.25465690603,40.2221778014415,232,Stone Canyon Dr. - NE Access,TrailAccess,None,http://www.townoflyons.com/157/Parks-Recreation,Town of Lyons,Stone Canyon Trail System,{7EB72FF0-A8D7-48AF-973A-500D506EDAB1},LYO-288
-105.262994797206,40.2137831864312,233,Bohn Ct. Access,TrailAccess,None,http://www.townoflyons.com/157/Parks-Recreation,Town of Lyons,Lyons Valley Trail System,{33A83938-1629-48A2-A89F-0036409CAA7A},LYO-289
-105.261733805991,40.2142021597897,234,Goransen Ct. Access,TrailAccess,None,http://www.townoflyons.com/157/Parks-Recreation,Town of Lyons,Lyons Valley Trail System,{6776508E-A12B-41C5-8184-3E0B27162204},LYO-290
-105.26122709239,40.2148698005115,235,Raymond Ct. Access,TrailAccess,None,http://www.townoflyons.com/157/Parks-Recreation,Town of Lyons,Lyons Valley Trail System,{F2FF275E-7A11-497C-8BBC-25E8E0B6E5A2},LYO-291
-105.260907610153,40.2158493325477,236,2nd Ave. Access,TrailAccess,None,http://www.townoflyons.com/157/Parks-Recreation,Town of Lyons,Lyons Valley Trail System,{F8458A6A-6C86-47A5-9FAA-1C5F9C41559D},LYO-292
-105.262017335854,40.2153099418219,237,Estes Ct. Access,TrailAccess,None,http://www.townoflyons.com/157/Parks-Recreation,Town of Lyons,Lyons Valley Trail System,{61094B74-1D54-4D7F-8A3B-A6EF5BCCAEA4},LYO-293
-105.262591190437,40.2147275468093,238,Noland Ct. Access,TrailAccess,None,http://www.townoflyons.com/157/Parks-Recreation,Town of Lyons,Lyons Valley Trail System,{EDBAFD6A-1C03-47E9-BD49-38EE13493629},LYO-294
-105.263267797916,40.2144295246335,239,Noland Ct. Access,TrailAccess,None,http://www.townoflyons.com/157/Parks-Recreation,Town of Lyons,Lyons Middle/Senior High School Shortcut,{715E39EA-0C8F-47C0-98B4-ED4CA79FA9BD},LYO-295
-105.263657768259,40.2143032239593,240,S. 2nd Ave. Access,TrailAccess,None,http://www.townoflyons.com/157/Parks-Recreation,Town of Lyons,Lyons Middle/Senior High School Shortcut,{6FD68314-DFC5-415D-90C2-531B20A48DD2},LYO-296
-105.269908290922,40.2197004848323,241,Bohn Park Trail - 4th Ave. Access,TrailAccess,None,http://www.townoflyons.com/157/Parks-Recreation,Town of Lyons,Bohn Park Trail System,{E9F6373F-6D7B-4A1C-9E33-ED48DF8920A1},LYO-297
-105.264153901502,40.2168089761224,242,Welch Ct. Access,TrailAccess,None,http://www.townoflyons.com/157/Parks-Recreation,Town of Lyons,2nd Ave./Welch Ct. Connector Trail,{EA033D8F-E556-49FE-9D7C-E44ACADBBEB1},LYO-298
-105.263911638446,40.2170132696485,243,2nd Ave. Access,TrailAccess,None,http://www.townoflyons.com/157/Parks-Recreation,Town of Lyons,2nd Ave./Welch Ct. Connector Trail,{EC11ADF2-DCD9-4264-B395-43EFAC9C7EDD},LYO-299
-105.273974648006,40.2232767600625,244,LaVerne Johnson Park Perimeter Trail - Parking Lot Access,TrailAccess,Parking,http://www.townoflyons.com/157/Parks-Recreation,Town of Lyons,LaVerne Johnson Trail System,{68C43374-74F5-4E7D-A8EC-0CC8B083C9DE},LYO-300
-105.503309419644,39.9649044521274,245,,Trailhead,None,http://nederlandco.org/,Town of Nederland,,{286DA89E-EA0C-4AD3-8554-0ACD01267FE1},NED-16
-105.491791935232,39.956664722946,246,Wildewood Trailhead,Trailhead,None,http://nederlandco.org/,Town of Nederland,,{BBA68380-3F7E-4C0C-82E1-EC0ABCAE74EB},NED-17
-105.488494764203,39.9594275515342,247,Doe Trailhead,Trailhead,None,http://nederlandco.org/,Town of Nederland,,{127C1F80-0C1A-4C98-A34F-164CA11ABD2F},NED-18
-105.624854374653,40.4049162342321,248,Endovalley,Trailhead,ParkEntrance,https://www.nps.gov/romo/planyourvisit/rules_regulations.htm,Rocky Mountain National Park,,{1D3D23E5-6003-4E37-A129-6FD220EAC14A},RMNP-{D5EA2CB8-693E-4DB9-8640-1121D8533376}
-105.626354347378,40.407201116398,249,Lawn Lake,Trailhead,ParkEntrance,https://www.nps.gov/romo/planyourvisit/rules_regulations.htm,Rocky Mountain National Park,,{33CD5220-61E6-4F95-89DC-D7C0B6C98514},RMNP-{8FD29A28-0EAF-499F-A605-A7DA2FCFA614}
-105.631955325208,40.409949702903,250,East Alluvial Fan,Trailhead,ParkEntrance,https://www.nps.gov/romo/planyourvisit/rules_regulations.htm,Rocky Mountain National Park,,{8B069078-77A1-49FA-9D16-30749BDDEA85},RMNP-{70189ADA-C838-4A24-850E-2AB3EBA97923}
-105.63748349728,40.4108098559355,251,West Alluvial Fan,Trailhead,ParkEntrance,https://www.nps.gov/romo/planyourvisit/rules_regulations.htm,Rocky Mountain National Park,,{CFBCC4A0-A0BC-4AFF-8141-FA5D2357F8A4},RMNP-{B43B170A-B66A-4004-A782-CBFF02F25372}
-105.641134523682,40.3990895333817,252,Abandoned Beaver Ponds,Trailhead,ParkEntrance,https://www.nps.gov/romo/planyourvisit/rules_regulations.htm,Rocky Mountain National Park,,{1233A65F-D4C3-40A6-B16B-CBDF03E23D8F},RMNP-{B6A435BD-465C-4B50-9D9F-DB9B23068E43}
-105.65466186727,40.3939507426609,253,Hidden Valley,Trailhead,ParkEntrance,https://www.nps.gov/romo/planyourvisit/rules_regulations.htm,Rocky Mountain National Park,,{80E1F3B3-0B29-4AD4-B978-551312479BA3},RMNP-{9A18F572-7453-4B07-A3FD-AD317F1687DC}
-105.711399738194,40.3956680307009,254,Forest Canyon Overlook,Trailhead,ParkEntrance,https://www.nps.gov/romo/planyourvisit/rules_regulations.htm,Rocky Mountain National Park,,{948F6D8D-96EE-47E0-9776-BC2643A91AF1},RMNP-{63F97B79-E25D-4A1D-8507-46F305B29333}
-105.733224719451,40.4124319813912,255,Rock Cut,Trailhead,ParkEntrance,https://www.nps.gov/romo/planyourvisit/rules_regulations.htm,Rocky Mountain National Park,,{3948BC50-ADE8-4274-9E66-590317ED5517},RMNP-{33B2007B-7879-42E9-A8DF-8DD4929B1231}
-105.811811712058,40.4201182248023,256,Milner Pass,Trailhead,ParkEntrance,https://www.nps.gov/romo/planyourvisit/rules_regulations.htm,Rocky Mountain National Park,,{73DBC701-F69E-4964-A88D-4E6506A7789E},RMNP-{45B82465-DC10-4161-9A5F-981747F0F4BA}
-105.818905815654,40.4137072389344,257,Lake Irene,Trailhead,ParkEntrance,https://www.nps.gov/romo/planyourvisit/rules_regulations.htm,Rocky Mountain National Park,,{FF68C834-520E-4BB4-9AEC-5903C2D052D0},RMNP-{AAA33BB2-4A64-495D-9100-69572F8DC9DF}
-105.848744136656,40.4008717366541,258,Colorado River,Trailhead,ParkEntrance,https://www.nps.gov/romo/planyourvisit/rules_regulations.htm,Rocky Mountain National Park,,{4BF23C91-58D8-40E9-B4A9-8059BAF34B69},RMNP-{7733F670-1742-4FD9-BA76-B35DD0C7FB7E}
-105.847641047707,40.3995172626936,259,Timber Lake,Trailhead,ParkEntrance,https://www.nps.gov/romo/planyourvisit/rules_regulations.htm,Rocky Mountain National Park,,{992876C6-35A3-407E-973D-FBE64AFCE5D2},RMNP-{894C746F-514D-4BB5-8351-E5E089A56886}
-105.857512582262,40.354816669123,260,Bowen-Baker,Trailhead,ParkEntrance,https://www.nps.gov/romo/planyourvisit/rules_regulations.htm,Rocky Mountain National Park,,{6268765D-A681-4672-85B2-3E00B06E1F10},RMNP-{0C25EF78-2B8F-48E9-B79F-A5579BDDF1B9}
-105.843625686185,40.3157879764708,261,Onahu Creek,Trailhead,ParkEntrance,https://www.nps.gov/romo/planyourvisit/rules_regulations.htm,Rocky Mountain National Park,,{4373C857-3BFD-42C2-A4DC-444B2FB2B682},RMNP-{6D7CA951-6635-4A51-A52A-4C5E55A938EF}
-105.841377212012,40.307354020995,262,Green Mountain,Trailhead,ParkEntrance,https://www.nps.gov/romo/planyourvisit/rules_regulations.htm,Rocky Mountain National Park,,{4BD30C79-B929-4AFA-AF4C-CB826401BF60},RMNP-{FE3D865C-35D9-40B4-B125-4EFA947BCE3B}
-105.833055485122,40.2667456164171,263,Kawuneeche Visitor Center,Trailhead,ParkEntrance,https://www.nps.gov/romo/planyourvisit/rules_regulations.htm,Rocky Mountain National Park,,{7F836B1A-5F08-4B32-9C30-4D1E6796E1B9},RMNP-{0126B83D-40E9-48FA-A7E3-BCF67F29E151}
-105.584528906327,40.3583965950846,264,Moraine Park Discovery Center,Trailhead,ParkEntrance,https://www.nps.gov/romo/planyourvisit/rules_regulations.htm,Rocky Mountain National Park,,{A1255770-E416-4D28-8E59-3C6FFF7EEA0D},RMNP-{56DA3267-DDE5-437E-95BA-B400D3BB89B1}
-105.584717223753,40.3460215218521,265,Tuxedo Park,Trailhead,ParkEntrance,https://www.nps.gov/romo/planyourvisit/rules_regulations.htm,Rocky Mountain National Park,,{A844724C-C71D-41AA-94A6-53AFBDB0AAD3},RMNP-{12F35C09-0B3C-4AE1-BB7E-CCE8F77592A3}
-105.601315324291,40.32974992072,266,Park and Ride,Trailhead,ParkEntrance,https://www.nps.gov/romo/planyourvisit/rules_regulations.htm,Rocky Mountain National Park,,{92A829A0-A992-4504-91E2-5E776FEA47DA},RMNP-{EF703E01-57BF-4D50-9210-D8B8890794D0}
-105.608138201351,40.3208634948003,267,Sprague Lake,Trailhead,ParkEntrance,https://www.nps.gov/romo/planyourvisit/rules_regulations.htm,Rocky Mountain National Park,,{1E02F943-8491-4384-A1BE-6F8C50725BE2},RMNP-{2AE882B2-A631-45E7-89BB-C17563420A88}
-105.623510575836,40.3205285356995,268,Bierstadt Lake,Trailhead,ParkEntrance,https://www.nps.gov/romo/planyourvisit/rules_regulations.htm,Rocky Mountain National Park,,{5E9A23D1-29CD-45F1-861F-EF9D8EB664AB},RMNP-{22322A3B-AD1F-45D2-A8D8-28BB1A8CD11C}
-105.620032796722,40.3201207413769,269,Bierstadt Lake/Storm Pass,Trailhead,ParkEntrance,https://www.nps.gov/romo/planyourvisit/rules_regulations.htm,Rocky Mountain National Park,,{47C8717D-F92E-485B-A9D2-E4DAAF59F3FE},RMNP-{73ADCC58-2FE3-4DA6-94BF-6EC5BFA8FFFB}
-105.639961630247,40.3107740410238,270,Glacier Gorge,Trailhead,ParkEntrance,https://www.nps.gov/romo/planyourvisit/rules_regulations.htm,Rocky Mountain National Park,,{A1F4B4EC-F197-47A6-9BD9-0BA089FFAE46},RMNP-{DF27EC9E-52C8-4BBE-8AF3-DE942952DF76}
-105.645716186753,40.3119386167709,271,Bear Lake,Trailhead,ParkEntrance,https://www.nps.gov/romo/planyourvisit/rules_regulations.htm,Rocky Mountain National Park,,{A909BB4D-E1B1-4C11-BA41-FD2C9612E85E},RMNP-{17BAA81E-FDB8-4E3A-9B75-3F340B778677}
-105.556621848202,40.27205764951,272,Longs Peak,Trailhead,ParkEntrance,https://www.nps.gov/romo/planyourvisit/rules_regulations.htm,Rocky Mountain National Park,,{9CB227FB-B4A5-4F0A-B719-16EC81FCA8A8},RMNP-{83EB5E71-A979-4352-A202-A659409DF1AB}
-105.850297910382,40.3797684853189,273,Timber Creek Campground,Trailhead,ParkEntrance,https://www.nps.gov/romo/planyourvisit/rules_regulations.htm,Rocky Mountain National Park,,{7D4E0868-11B3-499E-9479-7516162207AD},RMNP-{0FBC2731-8611-4C9A-8122-57DE12073BCC}
-105.695374214836,40.393363467608,274,Ute Trail East,Trailhead,ParkEntrance,https://www.nps.gov/romo/planyourvisit/rules_regulations.htm,Rocky Mountain National Park,,{67FAC4BC-F5C1-4E22-A3D8-8ED8C57546AA},RMNP-{218E3E97-8EEC-45D2-B84D-4C8D1F679F1F}
-105.605262523446,40.3415108063583,275,Hollowell Park,Trailhead,ParkEntrance,https://www.nps.gov/romo/planyourvisit/rules_regulations.htm,Rocky Mountain National Park,,{F6EC46E6-AB82-4467-95E6-58ACE22FD0B7},RMNP-{1DDE441B-E5C2-4038-84D1-2312B9D9691A}
-105.605160079571,40.3229187449337,276,Glacier Creek Riding Stable,Trailhead,ParkEntrance,https://www.nps.gov/romo/planyourvisit/rules_regulations.htm,Rocky Mountain National Park,,{6B23D47C-14DE-4B0C-9C92-872B83FA5845},RMNP-{C1D9A7F0-52BE-43EB-93EA-A7814D1D9DB3}
-105.534624128103,40.2197514947013,277,Sandbeach Lake Trailhead,Trailhead,ParkEntrance,https://www.nps.gov/romo/planyourvisit/rules_regulations.htm,Rocky Mountain National Park,,{F818CAE6-E86B-471F-8CB4-15CF4F0F0019},RMNP-{D4816A73-E350-430F-B8EB-6608519EA237}
-105.512291768493,40.3961071720152,278,Lumpy Ridge,Trailhead,ParkEntrance,https://www.nps.gov/romo/planyourvisit/rules_regulations.htm,Rocky Mountain National Park,,{3E64018D-D859-4BCB-BA89-C3F166A3ECBA},RMNP-{F7756972-FDBC-4D9F-9313-7BDD600C115A}
-105.858426448282,40.3446448737429,279,Coyote Valley,Trailhead,ParkEntrance,https://www.nps.gov/romo/planyourvisit/rules_regulations.htm,Rocky Mountain National Park,,{7162EA87-0C11-405D-86CA-F92F17135403},RMNP-{9DC4CDDE-35CA-462B-8CEF-7EBDFED728D0}
-105.537076120096,40.3065892713584,280,Lily Lake Visitor Center,Trailhead,ParkEntrance,https://www.nps.gov/romo/planyourvisit/rules_regulations.htm,Rocky Mountain National Park,,{542B554A-93F2-4166-93EA-4A208F204B43},RMNP-{6B09930F-C17D-438A-8883-F1EA8B36717B}
-105.613766868851,40.3729131769989,281,Beaver Meadows,Trailhead,ParkEntrance,https://www.nps.gov/romo/planyourvisit/rules_regulations.htm,Rocky Mountain National Park,,{746DDC86-D96F-467A-9325-D14CDE8D39B1},RMNP-{BD3E94FF-284B-4227-8188-EEB867F3C523}
-105.847638611476,40.3872410931207,282,Beaver Ponds,Trailhead,ParkEntrance,https://www.nps.gov/romo/planyourvisit/rules_regulations.htm,Rocky Mountain National Park,,{A3BAE6DA-67FD-4C21-AF1A-C86CC5CA5995},RMNP-{C8D7A5FB-949A-4C32-A1AB-D09BBEDDE305}
-105.753767232569,40.4415310942654,283,Fall River Pass,Trailhead,ParkEntrance,https://www.nps.gov/romo/planyourvisit/rules_regulations.htm,Rocky Mountain National Park,,{3E675F30-1343-4E57-B365-13905263CFB0},RMNP-{1334261E-E871-4F29-B464-6058021147F6}
-105.583426730966,40.353947295057,284,Moraine Park,Trailhead,ParkEntrance,https://www.nps.gov/romo/planyourvisit/rules_regulations.htm,Rocky Mountain National Park,,{F02FF4B3-4E4B-4320-A0D6-380B56189EAA},RMNP-{FA58A864-E420-40D1-A3C9-B40D1DB4EE4A}
-105.800208266957,40.2396964301722,285,East Inlet,Trailhead,ParkEntrance,https://www.nps.gov/romo/planyourvisit/rules_regulations.htm,Rocky Mountain National Park,,{5AD4DB5A-4CCB-4305-8CDA-AEDB26DBF8FE},RMNP-{D4B784A7-D8D6-400D-BF78-1865C98A0F34}
-105.814408077689,40.2568318315124,286,North Inlet,Trailhead,ParkEntrance,https://www.nps.gov/romo/planyourvisit/rules_regulations.htm,Rocky Mountain National Park,,{06D72AFC-CD2C-42C5-9900-0C46FCBC111C},RMNP-{A2D1E34C-FCEE-4B23-A8A4-9E8CED506A9F}
-105.56657353943,40.2080188288573,287,Wild Basin,Trailhead,ParkEntrance,https://www.nps.gov/romo/planyourvisit/rules_regulations.htm,Rocky Mountain National Park,,{99DE66E0-F169-4C4D-BF38-D84351DBEC6F},RMNP-{D27C13AF-A29B-404B-BEDD-F43E3FF46FD1}
-105.537787748396,40.3066257262732,288,Lily Lake,Trailhead,ParkEntrance,https://www.nps.gov/romo/planyourvisit/rules_regulations.htm,Rocky Mountain National Park,,{D8B40792-1AE0-4FD2-90AF-14BD2FE8D23E},RMNP-{95E3E70A-E8B3-4180-BB4C-BF23195B34D5}
-105.615618207718,40.356189665662,289,Cub Lake,Trailhead,ParkEntrance,https://www.nps.gov/romo/planyourvisit/rules_regulations.htm,Rocky Mountain National Park,,{E8D5C975-8819-403C-8ED8-7B583DFEF57E},RMNP-{EDA02BDE-C38E-46BB-8E20-DE60038EAC31}
-105.6192575677,40.3571440700437,290,Fern Lake Winter Parking,Trailhead,ParkEntrance,https://www.nps.gov/romo/planyourvisit/rules_regulations.htm,Rocky Mountain National Park,,{2BBFF36C-5B78-4983-A6E6-C1912D71D0F1},RMNP-{90846683-4001-40CE-8762-CB5530C39EDF}
-105.630978219589,40.3548928976212,291,Fern Lake,Trailhead,ParkEntrance,https://www.nps.gov/romo/planyourvisit/rules_regulations.htm,Rocky Mountain National Park,,{1B28CC72-227D-4A60-A361-1A07D06F8C2E},RMNP-{3EE045AB-7F77-4265-94A1-5628012CA567}
-105.856873319547,40.3281826969166,292,Bowen-Gulch Connector,TrailAccess,ParkEntrance,https://www.nps.gov/romo/planyourvisit/rules_regulations.htm,Rocky Mountain National Park,,{073AC4A1-AAFB-4D8C-AF8A-72DFFB36CDD3},RMNP-{EE70E447-1F9E-4EBB-B9A0-1D16133A1EE4}
-105.854578839953,40.3727218017414,293,Holzwarth Historic Site,Trailhead,ParkEntrance,https://www.nps.gov/romo/planyourvisit/rules_regulations.htm,Rocky Mountain National Park,,{4D997084-4285-4E43-AB02-E0B2361BA669},RMNP-{00C8985B-B919-4715-BAC6-CD8B84F0BF06}
-105.730317472052,40.4348694197454,294,Chapin Creek,TrailAccess,ParkEntrance,https://www.nps.gov/romo/planyourvisit/rules_regulations.htm,Rocky Mountain National Park,,{25A5B49A-47F2-4145-A1AF-4B5FBA9F4E20},RMNP-{B4DF2179-1816-4917-89B3-6E9CDF12D592}
-105.656766612794,40.4135095804096,295,Endovalley,Trailhead,ParkEntrance,https://www.nps.gov/romo/planyourvisit/rules_regulations.htm,Rocky Mountain National Park,,{B72DF91A-ACA7-439A-BBCE-1D487661421B},RMNP-{1797948D-AF86-4544-AB00-256289D6542D}
-105.609935857795,40.3869792407775,296,Deer Mountain,Trailhead,ParkEntrance,https://www.nps.gov/romo/planyourvisit/rules_regulations.htm,Rocky Mountain National Park,,{1173D6C1-3BCE-4A57-BEB6-6021580BAD79},RMNP-{9C1E4553-4388-405C-854F-F5A05BD8DBBC}
-105.596390364645,40.3706723700766,297,Upper Beaver Meadows,TrailAccess,ParkEntrance,https://www.nps.gov/romo/planyourvisit/rules_regulations.htm,Rocky Mountain National Park,,{4E28108F-3468-4E6D-9302-312679C6BB2A},RMNP-{0FEAC7D5-2BCC-44DF-96DF-55B5B9DEDB74}
-105.592853689286,40.3699281226545,298,Upper Beaver Meadows,TrailAccess,ParkEntrance,https://www.nps.gov/romo/planyourvisit/rules_regulations.htm,Rocky Mountain National Park,,{3C87B65B-7BD0-42AF-A1EA-77B094F8949D},RMNP-{DDE4B41B-592F-41BD-BA03-7D771EFE1C33}
-105.613516473347,40.3576959139672,299,Livery,TrailAccess,ParkEntrance,https://www.nps.gov/romo/planyourvisit/rules_regulations.htm,Rocky Mountain National Park,,{C8A82A94-958C-4DC2-92FC-598D4E6B2E72},RMNP-{D094F1D9-4D83-49A8-A7A5-5583BB06D626}
-105.551418583294,40.2108246192355,300,Wild Basin Winter Parking,Trailhead,ParkEntrance,https://www.nps.gov/romo/planyourvisit/rules_regulations.htm,Rocky Mountain National Park,,{02D969BC-BC60-4742-B1CA-B981F0D2DE63},RMNP-{5353B308-B8A3-4EBB-8B68-4CB3DCB31DE6}
-105.825867129387,40.2403682706689,301,East Shore,Trailhead,ParkEntrance,https://www.nps.gov/romo/planyourvisit/rules_regulations.htm,Rocky Mountain National Park,,{7373C96A-9E57-4F37-8B3A-B17A1C25604E},RMNP-{0EE2383E-96E7-4AF5-A8AD-8844717CDBD6}
-105.560941668537,40.2083498388992,302,Finch Lake,Trailhead,ParkEntrance,https://www.nps.gov/romo/planyourvisit/rules_regulations.htm,Rocky Mountain National Park,,{01E7E095-2277-45D6-AFAD-7D74C1320235},RMNP-{27813F62-27DD-4038-957D-0AF1ADA22984}
-105.294118661278,39.9306415110748,303,North Picnic Area Parking,Trailhead,None,http://cpw.state.co.us/,State of Colorado,,{91535476-10CD-41B9-B05B-F3451B97C2AB},CPW-ELDPKG006
-105.290249311024,39.9295624746544,304,Fowler,Trailhead,None,http://cpw.state.co.us/,State of Colorado,,{FE1EB7B6-8EEA-4229-A139-3EE669F0FD88},CPW-ELDPKG007
-105.166640714704,39.9287536945606,305,Coalton Trailhead,Trailhead,None,http://www.bouldercounty.org/pages/default.aspx,Town of Superior,,{61883545-B609-428D-B69E-ED45B0281952},SUPR- 1
-105.169442100138,39.948992613855,306,Mayhoffer Singletree Trailhead,TrailAccess,None,http://www.bouldercounty.org/pages/default.aspx,Town of Superior,,{A12CFFCE-7B91-4453-9739-3E5A6EC559EE},SUPR- 2
-105.165790706324,39.9532123219232,307,Coal Creek Regional,TrailAccess,None,http://superiorcolorado.gov/,Town of Superior,,{83B8CB81-06E3-44C7-99CD-47EE266AE19D},SUPR- 3
-105.159159094962,39.9301120308945,308,Rock Creek Regional,Trailhead,None,http://superiorcolorado.gov/,Town of Superior,,{BFF2898A-4327-435F-8E7A-6961CDB9522B},SUPR- 4
-105.150585407702,39.930056269579,309,Rock Creek Regional,Trailhead,None,http://superiorcolorado.gov/,Town of Superior,,{278675FA-C4A7-4E29-8E6B-B2C0FC9D6942},SUPR- 5
-105.142641288539,39.9370313436019,310,Autrey Park,Trailhead,None,http://superiorcolorado.gov/,Town of Superior,,{B014B7C5-DBD2-47CC-85EF-658A93234221},SUPR- 6
-105.155114023458,39.9383889729175,311,North Pool,TrailAccess,None,http://superiorcolorado.gov/,Town of Superior,,{38E51AF9-8DCC-4DC1-9F7C-AD43CA8D4829},SUPR- 7
-105.155296784805,39.921387615638,312,South Pool,TrailAccess,None,http://superiorcolorado.gov/,Town of Superior,,{CA47C4F1-28A9-430B-93F9-67020B5F1279},SUPR- 8
-105.160032017568,39.9428331717903,313,Purple Park,Trailhead,None,http://superiorcolorado.gov/,Town of Superior,,{76550790-CB5F-429A-893D-95ACB527B8D9},SUPR- 9
-105.167505966596,39.9574819566776,314,BRT,TrailAccess,None,http://superiorcolorado.gov/,Town of Superior,,{D292E57D-1629-4693-84DD-F9A63BF82627},SUPR- 10
-105.165168870027,39.948053699141,315,Oerman-Roche,Trailhead,None,http://superiorcolorado.gov/,Town of Superior,,{7353FD95-9946-4207-9FFA-9A61EA9C3454},SUPR- 11
-105.580999999599,40.0836479997836,316,Beaver Creek Trailhead,Trailhead,None,https://www.fs.usda.gov/recarea/arp/recarea/?recid=28186,USFS,,{C33F7E40-DF53-473F-9988-60C0628A413D},USFS-28186
-105.532667000035,40.0800049999993,317,Brainard Gateway Trailhead,Trailhead,Parking,https://www.fs.usda.gov/recarea/arp/recarea/?recid=28190,USFS,,{810FDFFE-200E-4C41-8DEC-EFAF8DBDF0D9},USFS-28190
-105.583420999714,40.0780829997345,318,Long Lake Trailhead,Trailhead,None,https://www.fs.usda.gov/recarea/arp/recarea/?recid=28196,USFS,,{FA780897-24D9-4802-9645-494D7881C7FA},USFS-28196
-105.580797000108,40.0825920000029,319,Mitchell Lake Trailhead,Trailhead,None,https://www.fs.usda.gov/recarea/arp/recarea/?recid=28200,USFS,,{EFDC3813-1CEE-4576-988A-1B6F5C65C762},USFS-28200
-105.524000000275,40.1211799996966,320,Beaver Reservoir Trailhead,Trailhead,None,https://www.fs.usda.gov/recarea/arp/recarea/?recid=28210,USFS,,{65B3FA60-D5EC-45C8-B206-EF15779A6111},USFS-28210
-105.586000000013,40.1371709998466,321,Buchanan Pass Wilderness Trailhead,Trailhead,None,https://www.fs.usda.gov/recarea/arp/recarea/?recid=28222,USFS,,{AA59705E-B147-4D60-AFF6-0FC3EF1C65E9},USFS-28222
-105.441999999781,40.124433999807,322,Ceran Saint Vrain Trailhead,Trailhead,None,https://www.fs.usda.gov/recarea/arp/recarea/?recid=28230,USFS,,{994F41F0-C8A2-444D-BA3F-56F423BF8032},USFS-28230
-105.634000000389,39.995093000304,323,Fourth of July Trailhead,Trailhead,None,https://www.fs.usda.gov/recarea/arp/recarea/?recid=28264,USFS,,{D22A008C-87C6-43E1-BC1F-BB49E1104060},USFS-28264
-105.594999999859,39.9515679998123,324,Hessie Trailhead,Trailhead,None,https://www.fs.usda.gov/recarea/arp/recarea/?recid=28274,USFS,,{70370BD5-E2F7-40C8-836C-05696E1D449A},USFS-28274
-105.524000000275,40.1299469999239,325,Middle Saint Vrain Trailhead,Trailhead,None,https://www.fs.usda.gov/recarea/arp/recarea/?recid=28300,USFS,,{0B3D000B-3BDB-455F-B101-798079892EE9},USFS-28300
-105.569000000403,40.0097130000166,326,Rainbow Lakes Trailhead,Trailhead,None,https://www.fs.usda.gov/recarea/arp/recarea/?recid=28328,USFS,,{EA396AED-C6ED-46A1-A859-0C7510B60A35},USFS-28328
-105.534155000014,40.0801240001848,327,Red Rock Trailhead,Trailhead,None,https://www.fs.usda.gov/recarea/arp/recarea/?recid=28330,USFS,,{83FB5B22-9D93-49C0-BEF6-66A3B8BDDF24},USFS-28330
-105.533000000121,40.1742349998359,328,Saint Vrain Mountain Trailhead,Trailhead,None,https://www.fs.usda.gov/recarea/arp/recarea/?recid=28336,USFS,,{020F41EF-05F0-4EDD-97A2-2A43B0CCC118},USFS-28336
-105.525000000358,40.0278539998189,329,Sourdough Trailhead,Trailhead,None,https://www.fs.usda.gov/recarea/arp/recarea/?recid=28342,USFS,,{6E1BE2F4-F55D-41C3-8038-CB80AB5A48B1},USFS-28342
-105.487999999992,40.1055199999289,330,South Saint Vrain Trailhead,Trailhead,None,https://www.fs.usda.gov/recarea/arp/recarea/?recid=28350,USFS,,{D4447F2E-677C-4728-9B4C-8C596635023E},USFS-28350
-105.504401000275,39.9504989998347,331,West Magnolia,Trailhead,None,https://www.fs.usda.gov/recarea/arp/recarea/?recid=28366,USFS,,{2A1430EE-3F7B-4691-9268-A6C2728B0FBB},USFS-28366
