OBJECTID,ZONING,ZNDESC,ZONINGDISTPURPOSE,SHAPESTArea,SHAPESTLength
1,RE,Residential-Estate,Single-family detached residential dwelling units at low to very low residential densities,10508548.3620396,16493.4303517746
2,RR-1,Residential-Rural 1,Single-family detached residential dwelling units at low to very low residential densities,339502.568925875,2539.66654767059
3,IM,Industrial-Manufacturing,"Industrial manufacturing areas primarily used for research, development, manufacturing, and service industrial uses in buildings on large lots. Residential uses and other complementary uses may be allowed in appropriate locations",20962308.8232035,21198.7895457071
4,IG,Industrial-General,"General industrial areas where a wide range of light industrial uses, including research and manufacturing operations and service industrial uses, are located. Residential uses and other complementary uses may be allowed in appropriate locations",2493258.69953144,7632.59083850576
5,RH-5,Residential-High 5,"High density residential areas primarily used for a variety of types of attached residential units, including without limitation, apartment buildings, and where complementary uses may be allowed",25687.1427035,653.892970538122
6,RM-1,Residential-Medium 1,"Medium density residential areas which have been or are to be primarily used for attached residential development, where each unit generally has direct access to ground level, and where complementary uses may be permitted under certain conditions",152865.75,1740.23792403852
7,RH-2,Residential-High 2,"High density residential areas primarily used for a variety of types of attached residential units, including without limitation, apartment buildings, and where complementary uses may be allowed",923090.859375,6179.62861747902
8,RM-2,Residential-Medium 2,"Medium density residential areas primarily used for small-lot residential development, including without limitation, duplexes, triplexes, or townhouses, where each unit generally has direct access at ground level",126812.495875,1443.6055317651
9,P,Public,"Public areas in which public and semi-public facilities and uses are located, including without limitation, governmental and educational uses",5220017.86156797,15822.1819168752
10,RM-1,Residential-Medium 1,"Medium density residential areas which have been or are to be primarily used for attached residential development, where each unit generally has direct access to ground level, and where complementary uses may be permitted under certain conditions",220018.6884675,2920.96280307192
11,BT-2,Business-Transitional 2,"Transitional business areas which generally buffer a residential area from a major street and are primarily used for commercial and complementary residential uses, including without limitation, temporary lodging and office uses",193011.66,3041.24876837702
12,RL-1,Residential-Low 1,Single-family detached residential dwelling units at low to very low residential densities,215123.873405938,2206.96489773281
13,BT-2,Business-Transitional 2,"Transitional business areas which generally buffer a residential area from a major street and are primarily used for commercial and complementary residential uses, including without limitation, temporary lodging and office uses",191987.145540312,1748.52796835153
14,RM-2,Residential-Medium 2,"Medium density residential areas primarily used for small-lot residential development, including without limitation, duplexes, triplexes, or townhouses, where each unit generally has direct access at ground level",528044.362629844,4803.24923650903
15,IG,Industrial-General,"General industrial areas where a wide range of light industrial uses, including research and manufacturing operations and service industrial uses, are located. Residential uses and other complementary uses may be allowed in appropriate locations",2702753.41626428,10508.1669427857
16,BT-2,Business-Transitional 2,"Transitional business areas which generally buffer a residential area from a major street and are primarily used for commercial and complementary residential uses, including without limitation, temporary lodging and office uses",237021.5325,1952.70375937849
17,RMX-1,Residential-Mixed 1,"Mixed density residential areas with a variety of single-family, detached, duplexes, and multi-family units that will be maintained; and where existing structures may be renovated or rehabilitated",2753074.7285115,10709.9946582127
18,RL-2,Residential-Low 2,"Medium density residential areas primarily used for small-lot residential development, including without limitation, duplexes, triplexes, or townhouses, where each unit generally has direct access at ground level",414364.160234125,3167.71677486529
19,RR-1,Residential-Rural 1,Single-family detached residential dwelling units at low to very low residential densities,1498065.93274481,6072.59794900191
20,BR-1,Business-Regional 1,"Business centers of the Boulder Valley, containing a wide range of retail and commercial operations, including the largest regional-scale businesses, which serve outlying residential development; and where the goals of the Boulder Urban Renewal Plan are implemented",10545385.9624757,19113.9327297808
21,RL-2,Residential-Low 2,"Medium density residential areas primarily used for small-lot residential development, including without limitation, duplexes, triplexes, or townhouses, where each unit generally has direct access at ground level",781066.7696875,5553.78646096368
22,RR-1,Residential-Rural 1,Single-family detached residential dwelling units at low to very low residential densities,11817.9160085,539.349510935923
23,A,Agricultural,"Agricultural areas in a natural state or in which the growing of crops, flowers, and trees or other farming activity is practiced",1891444.3125,7528.22419504922
24,RM-1,Residential-Medium 1,"Medium density residential areas which have been or are to be primarily used for attached residential development, where each unit generally has direct access to ground level, and where complementary uses may be permitted under certain conditions",314182.608875,2599.77244242041
25,BC-2,Business-Community 2,"Business areas containing retail centers serving a number of neighborhoods, where retail-type stores predominate",885086.096875,4703.05303071886
26,BT-2,Business-Transitional 2,"Transitional business areas which generally buffer a residential area from a major street and are primarily used for commercial and complementary residential uses, including without limitation, temporary lodging and office uses",268890.746209281,2500.09618158252
27,RL-1,Residential-Low 1,Single-family detached residential dwelling units at low to very low residential densities,4243575.70375,10438.8954827543
28,RH-4,Residential-High 4,"High density residential areas primarily used for a variety of types of attached residential units, including without limitation, apartment buildings, and where complementary uses may be allowed",180947.441462125,2033.28586291271
29,RL-2,Residential-Low 2,"Medium density residential areas primarily used for small-lot residential development, including without limitation, duplexes, triplexes, or townhouses, where each unit generally has direct access at ground level",157524.20727275,1609.46635887673
30,RL-2,Residential-Low 2,"Medium density residential areas primarily used for small-lot residential development, including without limitation, duplexes, triplexes, or townhouses, where each unit generally has direct access at ground level",1745581.53699806,5287.77702813554
31,RM-1,Residential-Medium 1,"Medium density residential areas which have been or are to be primarily used for attached residential development, where each unit generally has direct access to ground level, and where complementary uses may be permitted under certain conditions",835328.829509531,4712.64761509906
32,IS-2,Industrial-Service 2,Service industrial areas primarily used to provide to the community a wide range of repair and service uses and small-scale manufacturing uses,920266.682565469,4047.96577878983
33,DT-2,Downtown 2,"A transition area between the downtown and the surrounding residential areas where a wide range of retail, office, residential, and public uses are permitted. A balance of new development with the maintenance and renovation of existing buildings is anticipated, and where development and redevelopment consistent with the established historic and urban design character is encouraged",239536.4375,3260.43978283477
34,P,Public,"Public areas in which public and semi-public facilities and uses are located, including without limitation, governmental and educational uses",3354906.11342188,8075.81914276151
35,P,Public,"Public areas in which public and semi-public facilities and uses are located, including without limitation, governmental and educational uses",8032301.859375,12618.0213413302
36,RM-1,Residential-Medium 1,"Medium density residential areas which have been or are to be primarily used for attached residential development, where each unit generally has direct access to ground level, and where complementary uses may be permitted under certain conditions",216116.109139844,1973.76996422505
37,DT-5,Downtown 5,"The business area within the downtown core that is in the process of changing to a higher intensity use where a wide range of office, retail, residential, and public uses are permitted. This area has the greatest potential for new development and redevelopment within the downtown core",25864.799625,656.922647798039
38,BT-1,Business-Transitional 1,"Transitional business areas which generally buffer a residential area from a major street and are primarily used for commercial and complementary residential uses, including without limitation, temporary lodging and office uses",547715.869039,4189.53108643239
39,RR-1,Residential-Rural 1,Single-family detached residential dwelling units at low to very low residential densities,197956.90746025,3046.96174618988
40,BMS,Business-Main Street,"Business areas generally anchored around a main street that are intended to serve the surrounding residential neighborhoods. It is anticipated that development will occur in a pedestrian-oriented pattern, with buildings built up to the street; retail uses on the first floor; residential and office uses above the first floor; and where complementary uses may be allowed",272515.043125,2610.27233389827
41,P,Public,"Public areas in which public and semi-public facilities and uses are located, including without limitation, governmental and educational uses",366862.5943605,2439.55304268563
42,E,Enclave,Island of county land surrounded by city limits,38531.8922689688,830.537656722022
43,RE,Residential-Estate,Single-family detached residential dwelling units at low to very low residential densities,1503553.109375,6144.04547066987
44,E,Enclave,Island of county land surrounded by city limits,46192.3752685938,879.864415513967
45,RL-1,Residential-Low 1,Single-family detached residential dwelling units at low to very low residential densities,532200.9086875,3149.877434838
46,P,Public,"Public areas in which public and semi-public facilities and uses are located, including without limitation, governmental and educational uses",109757.528732469,1495.05795145415
47,IS-2,Industrial-Service 2,Service industrial areas primarily used to provide to the community a wide range of repair and service uses and small-scale manufacturing uses,628774.644,3674.44630066741
48,E,Enclave,Island of county land surrounded by city limits,42365.140625,915.539976007278
49,RH-5,Residential-High 5,"High density residential areas primarily used for a variety of types of attached residential units, including without limitation, apartment buildings, and where complementary uses may be allowed",149180.08673625,1705.76813801992
50,IM,Industrial-Manufacturing,"Industrial manufacturing areas primarily used for research, development, manufacturing, and service industrial uses in buildings on large lots. Residential uses and other complementary uses may be allowed in appropriate locations",8755338.42918069,20135.818876642
51,RM-1,Residential-Medium 1,"Medium density residential areas which have been or are to be primarily used for attached residential development, where each unit generally has direct access to ground level, and where complementary uses may be permitted under certain conditions",138359.432951344,1979.05457981877
52,RMX-2,Residential-Mixed 2,Medium density residential areas which have a mix of densities from low density to high density and where complementary uses may be permitted,1923810.4936875,7116.45579175437
53,RM-2,Residential-Medium 2,"Medium density residential areas primarily used for small-lot residential development, including without limitation, duplexes, triplexes, or townhouses, where each unit generally has direct access at ground level",144431.510505094,1991.87736208041
54,RM-1,Residential-Medium 1,"Medium density residential areas which have been or are to be primarily used for attached residential development, where each unit generally has direct access to ground level, and where complementary uses may be permitted under certain conditions",462944.203125,2729.55601204131
55,RL-2,Residential-Low 2,"Medium density residential areas primarily used for small-lot residential development, including without limitation, duplexes, triplexes, or townhouses, where each unit generally has direct access at ground level",29038.8125,840.390556197548
56,E,Enclave,Island of county land surrounded by city limits,241509.915502906,3737.31645436661
57,P,Public,"Public areas in which public and semi-public facilities and uses are located, including without limitation, governmental and educational uses",2133872.00149956,11764.5731523616
58,BC-2,Business-Community 2,"Business areas containing retail centers serving a number of neighborhoods, where retail-type stores predominate",835056.703125,4507.86017860518
59,RM-2,Residential-Medium 2,"Medium density residential areas primarily used for small-lot residential development, including without limitation, duplexes, triplexes, or townhouses, where each unit generally has direct access at ground level",72798.7350625,1141.78724489125
60,P,Public,"Public areas in which public and semi-public facilities and uses are located, including without limitation, governmental and educational uses",63119.872842875,1400.64184935373
61,RL-2,Residential-Low 2,"Medium density residential areas primarily used for small-lot residential development, including without limitation, duplexes, triplexes, or townhouses, where each unit generally has direct access at ground level",10021737.5240574,16506.0981163132
62,RE,Residential-Estate,Single-family detached residential dwelling units at low to very low residential densities,33480.998052125,805.386549440843
63,RE,Residential-Estate,Single-family detached residential dwelling units at low to very low residential densities,3332149.46230028,8638.71916582522
64,RM-2,Residential-Medium 2,"Medium density residential areas primarily used for small-lot residential development, including without limitation, duplexes, triplexes, or townhouses, where each unit generally has direct access at ground level",55358.7735,1136.71653787865
65,P,Public,"Public areas in which public and semi-public facilities and uses are located, including without limitation, governmental and educational uses",863943.343543875,3987.16204961363
66,P,Public,"Public areas in which public and semi-public facilities and uses are located, including without limitation, governmental and educational uses",21778.1952173437,610.136851236853
67,BC-2,Business-Community 2,"Business areas containing retail centers serving a number of neighborhoods, where retail-type stores predominate",13762.6875,478.978932348948
68,RMX-2,Residential-Mixed 2,Medium density residential areas which have a mix of densities from low density to high density and where complementary uses may be permitted,742147.6863645,3600.58393957362
69,IG,Industrial-General,"General industrial areas where a wide range of light industrial uses, including research and manufacturing operations and service industrial uses, are located. Residential uses and other complementary uses may be allowed in appropriate locations",203531.09595725,1918.61347922438
70,P,Public,"Public areas in which public and semi-public facilities and uses are located, including without limitation, governmental and educational uses",2333882.29727075,6749.52280643796
71,E,Enclave,Island of county land surrounded by city limits,233683.8314375,2054.84878658146
72,BC-1,Business-Community 1,"Business areas containing retail centers serving a number of neighborhoods, where retail-type stores predominate",275030.625,3382.1775191847
73,RL-2,Residential-Low 2,"Medium density residential areas primarily used for small-lot residential development, including without limitation, duplexes, triplexes, or townhouses, where each unit generally has direct access at ground level",103661.558,1678.10902896719
74,IG,Industrial-General,"General industrial areas where a wide range of light industrial uses, including research and manufacturing operations and service industrial uses, are located. Residential uses and other complementary uses may be allowed in appropriate locations",27025.23256775,693.765040822618
75,IM,Industrial-Manufacturing,"Industrial manufacturing areas primarily used for research, development, manufacturing, and service industrial uses in buildings on large lots. Residential uses and other complementary uses may be allowed in appropriate locations",11042946.5063115,16545.837292959
76,P,Public,"Public areas in which public and semi-public facilities and uses are located, including without limitation, governmental and educational uses",50335815.9195771,34461.55779842
77,IS-2,Industrial-Service 2,Service industrial areas primarily used to provide to the community a wide range of repair and service uses and small-scale manufacturing uses,762951.414542938,7431.11987094194
78,RM-1,Residential-Medium 1,"Medium density residential areas which have been or are to be primarily used for attached residential development, where each unit generally has direct access to ground level, and where complementary uses may be permitted under certain conditions",413408.21875,3102.12859604004
79,RR-1,Residential-Rural 1,Single-family detached residential dwelling units at low to very low residential densities,45117.355987625,881.58819614782
80,RH-3,Residential-High 3,High density residential areas in the process of changing to high density residential uses and limited pedestrian-oriented neighborhood-serving retail uses in close proximity to either a primary destination or a transit center and where complementary uses may be allowed,980202.5093095,4471.57979059794
81,E,Enclave,Island of county land surrounded by city limits,116331.081738469,1350.55197351238
82,MU-3,Mixed Use 3,"Areas of the community that are changing to a mixture of residential and complementary nonresidential uses, generally within the same building",995852.15625,6324.81747714581
83,IMS,Industrial-Mixed Services,"Industrial areas on the edge of a main street commercial area, which are intended to provide a transition between a main street commercial area and established industrial zones. Industrial main street areas are intended to develop in a pedestrian-oriented pattern, with buildings built up to the street; first floor uses are predominantly industrial in character; uses above the first floor may include industrial, residential, or limited office uses, and where complementary uses may be allowed",281918.068983469,3681.91543669568
84,RM-1,Residential-Medium 1,"Medium density residential areas which have been or are to be primarily used for attached residential development, where each unit generally has direct access to ground level, and where complementary uses may be permitted under certain conditions",263931.377911594,2340.79867570408
85,BT-1,Business-Transitional 1,"Transitional business areas which generally buffer a residential area from a major street and are primarily used for commercial and complementary residential uses, including without limitation, temporary lodging and office uses",424079.916625,2647.2073049125
86,BCS,Business-Commercial,"Commercial areas primarily used to provide to the community a wide range of retail and commercial uses including repair, service, and small-scale manufacturing uses and where complementary uses may be allowed",299756.0539195,3135.10544646616
87,E,Enclave,Island of county land surrounded by city limits,217843.7503125,1870.88137834001
88,RL-2,Residential-Low 2,"Medium density residential areas primarily used for small-lot residential development, including without limitation, duplexes, triplexes, or townhouses, where each unit generally has direct access at ground level",523362.630344937,3773.77614603139
89,RM-1,Residential-Medium 1,"Medium density residential areas which have been or are to be primarily used for attached residential development, where each unit generally has direct access to ground level, and where complementary uses may be permitted under certain conditions",1878460.4570625,6341.23916855702
90,RL-2,Residential-Low 2,"Medium density residential areas primarily used for small-lot residential development, including without limitation, duplexes, triplexes, or townhouses, where each unit generally has direct access at ground level",357104.1390625,3476.97722177298
91,P,Public,"Public areas in which public and semi-public facilities and uses are located, including without limitation, governmental and educational uses",11367.112253,462.280007619066
92,P,Public,"Public areas in which public and semi-public facilities and uses are located, including without limitation, governmental and educational uses",77887.862683625,1238.58054534291
93,BT-2,Business-Transitional 2,"Transitional business areas which generally buffer a residential area from a major street and are primarily used for commercial and complementary residential uses, including without limitation, temporary lodging and office uses",772674.469397563,8520.97726181525
94,RH-2,Residential-High 2,"High density residential areas primarily used for a variety of types of attached residential units, including without limitation, apartment buildings, and where complementary uses may be allowed",687545.5978125,5815.51358902443
95,E,Enclave,Island of county land surrounded by city limits,140695.96907475,1786.39358493944
96,DT-4,Downtown 4,"The regional business area of the Boulder Valley known as the Central Business District which includes the downtown mall, where a wide range of retail, office, residential, and public uses are permitted and in which many structures may be renovated or rehabilitated. A balance of new development with the maintenance and renovation of existing buildings is anticipated, and where development and redevelopment consistent with the established historic and urban design character is encouraged",919863.3049375,5610.68071036262
97,IS-1,Industrial-Service 1,Service industrial areas primarily used to provide to the community a wide range of repair and service uses and small-scale manufacturing uses,1463584.53874366,8457.49310283707
98,P,Public,"Public areas in which public and semi-public facilities and uses are located, including without limitation, governmental and educational uses",2280715.85175,7678.0962472563
99,E,Enclave,Island of county land surrounded by city limits,4620.9866725,272.01208695579
100,RM-1,Residential-Medium 1,"Medium density residential areas which have been or are to be primarily used for attached residential development, where each unit generally has direct access to ground level, and where complementary uses may be permitted under certain conditions",917140.296875,4393.19982583195
101,IS-1,Industrial-Service 1,Service industrial areas primarily used to provide to the community a wide range of repair and service uses and small-scale manufacturing uses,115040.40625,1359.16478346081
102,BMS,Business-Main Street,"Business areas generally anchored around a main street that are intended to serve the surrounding residential neighborhoods. It is anticipated that development will occur in a pedestrian-oriented pattern, with buildings built up to the street; retail uses on the first floor; residential and office uses above the first floor; and where complementary uses may be allowed",54694.221125,978.747038305878
103,RL-1,Residential-Low 1,Single-family detached residential dwelling units at low to very low residential densities,172270.398511219,2066.50144388822
104,IS-1,Industrial-Service 1,Service industrial areas primarily used to provide to the community a wide range of repair and service uses and small-scale manufacturing uses,221987.11873,1928.07115187282
105,P,Public,"Public areas in which public and semi-public facilities and uses are located, including without limitation, governmental and educational uses",14844104.953125,19054.2402055206
106,RH-5,Residential-High 5,"High density residential areas primarily used for a variety of types of attached residential units, including without limitation, apartment buildings, and where complementary uses may be allowed",241698.756361,2929.26656272158
107,A,Agricultural,"Agricultural areas in a natural state or in which the growing of crops, flowers, and trees or other farming activity is practiced",660023.7620625,3594.5422799311
108,RM-1,Residential-Medium 1,"Medium density residential areas which have been or are to be primarily used for attached residential development, where each unit generally has direct access to ground level, and where complementary uses may be permitted under certain conditions",240947.593859375,1976.16851714563
109,RM-2,Residential-Medium 2,"Medium density residential areas primarily used for small-lot residential development, including without limitation, duplexes, triplexes, or townhouses, where each unit generally has direct access at ground level",1459030.12565169,5537.78757745969
110,RE,Residential-Estate,Single-family detached residential dwelling units at low to very low residential densities,436032.945086938,3783.23856380705
111,RM-2,Residential-Medium 2,"Medium density residential areas primarily used for small-lot residential development, including without limitation, duplexes, triplexes, or townhouses, where each unit generally has direct access at ground level",269377.640625,2310.57872514731
112,P,Public,"Public areas in which public and semi-public facilities and uses are located, including without limitation, governmental and educational uses",756796.58662375,4097.01891022713
113,RH-6,Residential-High 6,High density residential urban areas that are predominately townhouses in close proximity to either a primary destination or a transit center and where complementary uses may be allowed,206901.658899844,1935.05792115997
114,RH-2,Residential-High 2,"High density residential areas primarily used for a variety of types of attached residential units, including without limitation, apartment buildings, and where complementary uses may be allowed",210052.0736185,2760.04750638098
115,DT-1,Downtown 1,"A transition area between the downtown and the surrounding residential areas where a wide range of retail, office, residential, and public uses are permitted. A balance of new development with the maintenance and renovation of existing buildings is anticipated, and where development and redevelopment consistent with the established historic and urban design character is encouraged",376780.204961125,3091.29396631554
116,RL-2,Residential-Low 2,"Medium density residential areas primarily used for small-lot residential development, including without limitation, duplexes, triplexes, or townhouses, where each unit generally has direct access at ground level",1296869.0820125,5181.08184061122
117,P,Public,"Public areas in which public and semi-public facilities and uses are located, including without limitation, governmental and educational uses",2492719.71955703,7014.14178745278
118,BC-2,Business-Community 2,"Business areas containing retail centers serving a number of neighborhoods, where retail-type stores predominate",223867.7649505,2039.82885928544
119,IG,Industrial-General,"General industrial areas where a wide range of light industrial uses, including research and manufacturing operations and service industrial uses, are located. Residential uses and other complementary uses may be allowed in appropriate locations",850492.651301531,8545.43823048819
120,RMX-1,Residential-Mixed 1,"Mixed density residential areas with a variety of single-family, detached, duplexes, and multi-family units that will be maintained; and where existing structures may be renovated or rehabilitated",1453120.04584416,9692.79658833106
121,P,Public,"Public areas in which public and semi-public facilities and uses are located, including without limitation, governmental and educational uses",638840.533449969,4770.70169641847
122,RR-1,Residential-Rural 1,Single-family detached residential dwelling units at low to very low residential densities,46776.8582799062,1140.77210432601
123,P,Public,"Public areas in which public and semi-public facilities and uses are located, including without limitation, governmental and educational uses",340115.359375,2439.05367178739
124,IS-2,Industrial-Service 2,Service industrial areas primarily used to provide to the community a wide range of repair and service uses and small-scale manufacturing uses,69912.53125,1337.32255017128
125,BT-2,Business-Transitional 2,"Transitional business areas which generally buffer a residential area from a major street and are primarily used for commercial and complementary residential uses, including without limitation, temporary lodging and office uses",126969.7849325,1452.71708370666
126,P,Public,"Public areas in which public and semi-public facilities and uses are located, including without limitation, governmental and educational uses",62736.0765724375,1956.22271608086
127,IS-1,Industrial-Service 1,Service industrial areas primarily used to provide to the community a wide range of repair and service uses and small-scale manufacturing uses,27475.6578919375,693.066416049415
128,BC-2,Business-Community 2,"Business areas containing retail centers serving a number of neighborhoods, where retail-type stores predominate",2388703.03272053,12813.4456574463
129,RMX-2,Residential-Mixed 2,Medium density residential areas which have a mix of densities from low density to high density and where complementary uses may be permitted,1185669.43367856,8318.8956786503
130,RM-2,Residential-Medium 2,"Medium density residential areas primarily used for small-lot residential development, including without limitation, duplexes, triplexes, or townhouses, where each unit generally has direct access at ground level",139797.456875,1642.6565264694
131,BC-2,Business-Community 2,"Business areas containing retail centers serving a number of neighborhoods, where retail-type stores predominate",39201.989279,770.437963374995
132,BMS,Business-Main Street,"Business areas generally anchored around a main street that are intended to serve the surrounding residential neighborhoods. It is anticipated that development will occur in a pedestrian-oriented pattern, with buildings built up to the street; retail uses on the first floor; residential and office uses above the first floor; and where complementary uses may be allowed",59837.9641395,985.371194746687
133,RR-1,Residential-Rural 1,Single-family detached residential dwelling units at low to very low residential densities,37714.71875,824.6637814527
134,RL-2,Residential-Low 2,"Medium density residential areas primarily used for small-lot residential development, including without limitation, duplexes, triplexes, or townhouses, where each unit generally has direct access at ground level",2642364.99775,8780.51833259139
135,RM-2,Residential-Medium 2,"Medium density residential areas primarily used for small-lot residential development, including without limitation, duplexes, triplexes, or townhouses, where each unit generally has direct access at ground level",267581.930625,2507.00779218169
136,MU-1,Mixed Use 1,Mixed use areas which are primarily intended to have a mix of residential and nonresidential land uses within close proximity to each other and where complementary business uses may be permitted,356463.9315,3198.31239854528
137,E,Enclave,Island of county land surrounded by city limits,34580.83811925,772.031793227233
138,MH,Mobile Home,Mobile home parks primarily used and developed at a medium residential density where complementary uses may be allowed under certain conditions,1754277.20848294,7536.4752734946
139,BMS,Business-Main Street,"Business areas generally anchored around a main street that are intended to serve the surrounding residential neighborhoods. It is anticipated that development will occur in a pedestrian-oriented pattern, with buildings built up to the street; retail uses on the first floor; residential and office uses above the first floor; and where complementary uses may be allowed",447367.992375,3328.70736552251
140,RH-5,Residential-High 5,"High density residential areas primarily used for a variety of types of attached residential units, including without limitation, apartment buildings, and where complementary uses may be allowed",403403.1038125,3284.17257394242
141,RMX-1,Residential-Mixed 1,"Mixed density residential areas with a variety of single-family, detached, duplexes, and multi-family units that will be maintained; and where existing structures may be renovated or rehabilitated",2331783.687084,12220.8645803738
142,BT-2,Business-Transitional 2,"Transitional business areas which generally buffer a residential area from a major street and are primarily used for commercial and complementary residential uses, including without limitation, temporary lodging and office uses",514729.115493,4262.9402835187
143,RH-1,Residential-High 1,"High density residential areas primarily used for a variety of types of attached residential units, including without limitation, apartment buildings, and where complementary uses may be allowed",1975338.39305275,11494.7903270864
144,IG,Industrial-General,"General industrial areas where a wide range of light industrial uses, including research and manufacturing operations and service industrial uses, are located. Residential uses and other complementary uses may be allowed in appropriate locations",628835.736901594,3565.66897482789
145,IM,Industrial-Manufacturing,"Industrial manufacturing areas primarily used for research, development, manufacturing, and service industrial uses in buildings on large lots. Residential uses and other complementary uses may be allowed in appropriate locations",3141564.41910472,8067.07863806859
146,RM-1,Residential-Medium 1,"Medium density residential areas which have been or are to be primarily used for attached residential development, where each unit generally has direct access to ground level, and where complementary uses may be permitted under certain conditions",1999491.31507994,6575.85003142629
147,BR-2,Business-Regional 2,"Business centers of the Boulder Valley, containing a wide range of retail and commercial operations, including the largest regional-scale businesses, which serve outlying residential development; and where the goals of the Boulder Urban Renewal Plan are implemented",1658542.00552075,5564.90334613736
148,RM-2,Residential-Medium 2,"Medium density residential areas primarily used for small-lot residential development, including without limitation, duplexes, triplexes, or townhouses, where each unit generally has direct access at ground level",385842.4019025,3263.34719755314
149,BT-1,Business-Transitional 1,"Transitional business areas which generally buffer a residential area from a major street and are primarily used for commercial and complementary residential uses, including without limitation, temporary lodging and office uses",477625.703125,2734.20189084995
150,RH-5,Residential-High 5,"High density residential areas primarily used for a variety of types of attached residential units, including without limitation, apartment buildings, and where complementary uses may be allowed",369395.9060455,3282.57043604659
151,RE,Residential-Estate,Single-family detached residential dwelling units at low to very low residential densities,61829.68350725,1040.19634162216
152,RL-1,Residential-Low 1,Single-family detached residential dwelling units at low to very low residential densities,18646446.9207781,34708.3662554655
153,RL-1,Residential-Low 1,Single-family detached residential dwelling units at low to very low residential densities,4473043.4825,12184.5315168681
154,P,Public,"Public areas in which public and semi-public facilities and uses are located, including without limitation, governmental and educational uses",15839.903590875,892.016355029792
155,RE,Residential-Estate,Single-family detached residential dwelling units at low to very low residential densities,2634756.382428,13821.0356571737
156,RL-1,Residential-Low 1,Single-family detached residential dwelling units at low to very low residential densities,1264996.53125,4947.07232297309
157,IG,Industrial-General,"General industrial areas where a wide range of light industrial uses, including research and manufacturing operations and service industrial uses, are located. Residential uses and other complementary uses may be allowed in appropriate locations",253335.1875,2162.87574717766
158,IS-1,Industrial-Service 1,Service industrial areas primarily used to provide to the community a wide range of repair and service uses and small-scale manufacturing uses,716637.592554562,3955.46522096764
159,E,Enclave,Island of county land surrounded by city limits,53635.147101,954.913295299442
160,BC-2,Business-Community 2,"Business areas containing retail centers serving a number of neighborhoods, where retail-type stores predominate",103341.927983125,1297.06576162032
161,RM-2,Residential-Medium 2,"Medium density residential areas primarily used for small-lot residential development, including without limitation, duplexes, triplexes, or townhouses, where each unit generally has direct access at ground level",966018.625,4303.21515692601
162,DT-5,Downtown 5,"The business area within the downtown core that is in the process of changing to a higher intensity use where a wide range of office, retail, residential, and public uses are permitted. This area has the greatest potential for new development and redevelopment within the downtown core",2159021.33854075,8549.66408556197
163,E,Enclave,Island of county land surrounded by city limits,37055.678457,810.98915280164
164,RL-2,Residential-Low 2,"Medium density residential areas primarily used for small-lot residential development, including without limitation, duplexes, triplexes, or townhouses, where each unit generally has direct access at ground level",3359455.0397105,9757.97738567384
165,E,Enclave,Island of county land surrounded by city limits,38255.668167875,792.621407048462
166,RM-2,Residential-Medium 2,"Medium density residential areas primarily used for small-lot residential development, including without limitation, duplexes, triplexes, or townhouses, where each unit generally has direct access at ground level",283087.251589781,2607.01788075205
167,MU-2,Mixed Use 2,"Mixed use residential areas adjacent to a redeveloping main street area, which are intended to provide a transition between a main street commercial area and established residential districts. Residential areas are intended to develop in a pedestrian-oriented pattern, with buildings built up to the street; with residential, office, and limited retail uses; and where complementary uses may be allowed",605748.133259594,4978.48195618301
168,RL-1,Residential-Low 1,Single-family detached residential dwelling units at low to very low residential densities,150674.795329,1734.598657417
169,RM-2,Residential-Medium 2,"Medium density residential areas primarily used for small-lot residential development, including without limitation, duplexes, triplexes, or townhouses, where each unit generally has direct access at ground level",434839.79339775,5475.10445585481
170,P,Public,"Public areas in which public and semi-public facilities and uses are located, including without limitation, governmental and educational uses",3442960.45689566,7897.25243197077
171,MH,Mobile Home,Mobile home parks primarily used and developed at a medium residential density where complementary uses may be allowed under certain conditions,694754.321303375,4392.96880850527
172,BMS,Business-Main Street,"Business areas generally anchored around a main street that are intended to serve the surrounding residential neighborhoods. It is anticipated that development will occur in a pedestrian-oriented pattern, with buildings built up to the street; retail uses on the first floor; residential and office uses above the first floor; and where complementary uses may be allowed",496847.44963,4111.34277608489
173,MH,Mobile Home,Mobile home parks primarily used and developed at a medium residential density where complementary uses may be allowed under certain conditions,1178113.01918637,5240.54091603905
174,E,Enclave,Island of county land surrounded by city limits,33215.953125,776.635798141007
175,IS-1,Industrial-Service 1,Service industrial areas primarily used to provide to the community a wide range of repair and service uses and small-scale manufacturing uses,37820.33027125,812.836580801899
176,RH-5,Residential-High 5,"High density residential areas primarily used for a variety of types of attached residential units, including without limitation, apartment buildings, and where complementary uses may be allowed",2267007.66597669,10177.5176769533
177,P,Public,"Public areas in which public and semi-public facilities and uses are located, including without limitation, governmental and educational uses",85313.796875,1386.1951171799
178,RL-2,Residential-Low 2,"Medium density residential areas primarily used for small-lot residential development, including without limitation, duplexes, triplexes, or townhouses, where each unit generally has direct access at ground level",1456919.2316445,7386.57639991116
179,RL-1,Residential-Low 1,Single-family detached residential dwelling units at low to very low residential densities,3921646.103875,14329.8857776458
180,BT-2,Business-Transitional 2,"Transitional business areas which generally buffer a residential area from a major street and are primarily used for commercial and complementary residential uses, including without limitation, temporary lodging and office uses",93536.4949375,1356.63589033065
181,P,Public,"Public areas in which public and semi-public facilities and uses are located, including without limitation, governmental and educational uses",423088.611455,3692.42661717261
182,RL-1,Residential-Low 1,Single-family detached residential dwelling units at low to very low residential densities,1298537.5515,5840.54925255164
183,RL-1,Residential-Low 1,Single-family detached residential dwelling units at low to very low residential densities,10994210.1895073,18149.8516760173
184,RL-2,Residential-Low 2,"Medium density residential areas primarily used for small-lot residential development, including without limitation, duplexes, triplexes, or townhouses, where each unit generally has direct access at ground level",611142.363226,4125.52418757242
185,E,Enclave,Island of county land surrounded by city limits,139253.434074,1602.87117823246
186,RH-2,Residential-High 2,"High density residential areas primarily used for a variety of types of attached residential units, including without limitation, apartment buildings, and where complementary uses may be allowed",93366.375,1250.86937273385
187,A,Agricultural,"Agricultural areas in a natural state or in which the growing of crops, flowers, and trees or other farming activity is practiced",20925051.5904375,34856.3370525952
188,RM-2,Residential-Medium 2,"Medium density residential areas primarily used for small-lot residential development, including without limitation, duplexes, triplexes, or townhouses, where each unit generally has direct access at ground level",995653.3210625,6007.68639888253
189,P,Public,"Public areas in which public and semi-public facilities and uses are located, including without limitation, governmental and educational uses",940996.859246875,4347.15148958502
190,E,Enclave,Island of county land surrounded by city limits,234211.268052594,2175.90506338437
191,E,Enclave,Island of county land surrounded by city limits,19372.77737075,1016.22452514971
192,RM-1,Residential-Medium 1,"Medium density residential areas which have been or are to be primarily used for attached residential development, where each unit generally has direct access to ground level, and where complementary uses may be permitted under certain conditions",527677.089375,3470.37786949399
193,E,Enclave,Island of county land surrounded by city limits,33656.5219721563,885.277830800884
194,P,Public,"Public areas in which public and semi-public facilities and uses are located, including without limitation, governmental and educational uses",603577.251625,3131.33269170822
195,RH-1,Residential-High 1,"High density residential areas primarily used for a variety of types of attached residential units, including without limitation, apartment buildings, and where complementary uses may be allowed",94507.578125,1409.19402139179
196,P,Public,"Public areas in which public and semi-public facilities and uses are located, including without limitation, governmental and educational uses",219066,1984.65373901285
197,RM-2,Residential-Medium 2,"Medium density residential areas primarily used for small-lot residential development, including without limitation, duplexes, triplexes, or townhouses, where each unit generally has direct access at ground level",540707.80375,3258.4444979497
198,RH-5,Residential-High 5,"High density residential areas primarily used for a variety of types of attached residential units, including without limitation, apartment buildings, and where complementary uses may be allowed",2301310.9753695,11663.0333283686
199,BC-1,Business-Community 1,"Business areas containing retail centers serving a number of neighborhoods, where retail-type stores predominate",106290.536175313,1323.08151327543
200,BT-2,Business-Transitional 2,"Transitional business areas which generally buffer a residential area from a major street and are primarily used for commercial and complementary residential uses, including without limitation, temporary lodging and office uses",83875.6839375,1437.40506000483
201,E,Enclave,Island of county land surrounded by city limits,30105.3461965,698.152863506257
202,E,Enclave,Island of county land surrounded by city limits,58600.430528,975.800107773852
203,P,Public,"Public areas in which public and semi-public facilities and uses are located, including without limitation, governmental and educational uses",37991.524130125,788.791299914022
204,IG,Industrial-General,"General industrial areas where a wide range of light industrial uses, including research and manufacturing operations and service industrial uses, are located. Residential uses and other complementary uses may be allowed in appropriate locations",4707224.09005328,19892.4252266566
205,MU-1,Mixed Use 1,Mixed use areas which are primarily intended to have a mix of residential and nonresidential land uses within close proximity to each other and where complementary business uses may be permitted,542103.747481938,3294.77501155247
206,BC-2,Business-Community 2,"Business areas containing retail centers serving a number of neighborhoods, where retail-type stores predominate",898311.21875,4572.94462944994
207,RE,Residential-Estate,Single-family detached residential dwelling units at low to very low residential densities,120607.18937575,1979.74764204881
208,A,Agricultural,"Agricultural areas in a natural state or in which the growing of crops, flowers, and trees or other farming activity is practiced",33829.119695375,812.667018753588
209,RE,Residential-Estate,Single-family detached residential dwelling units at low to very low residential densities,933313.349375,4430.14582249043
210,P,Public,"Public areas in which public and semi-public facilities and uses are located, including without limitation, governmental and educational uses",63458744.0481382,52628.7831249597
211,RM-2,Residential-Medium 2,"Medium density residential areas primarily used for small-lot residential development, including without limitation, duplexes, triplexes, or townhouses, where each unit generally has direct access at ground level",482651.110546,3556.47720276353
212,A,Agricultural,"Agricultural areas in a natural state or in which the growing of crops, flowers, and trees or other farming activity is practiced",1347707.74448363,5545.28188331336
213,RE,Residential-Estate,Single-family detached residential dwelling units at low to very low residential densities,1237068.78895462,5538.13625132787
214,RMX-2,Residential-Mixed 2,Medium density residential areas which have a mix of densities from low density to high density and where complementary uses may be permitted,77936.140625,1207.88483961504
215,RM-2,Residential-Medium 2,"Medium density residential areas primarily used for small-lot residential development, including without limitation, duplexes, triplexes, or townhouses, where each unit generally has direct access at ground level",69943.4056239062,1380.63325214688
216,IMS,Industrial-Mixed Services,"Industrial areas on the edge of a main street commercial area, which are intended to provide a transition between a main street commercial area and established industrial zones. Industrial main street areas are intended to develop in a pedestrian-oriented pattern, with buildings built up to the street; first floor uses are predominantly industrial in character; uses above the first floor may include industrial, residential, or limited office uses, and where complementary uses may be allowed",439711.426980781,3961.28601538091
217,RM-1,Residential-Medium 1,"Medium density residential areas which have been or are to be primarily used for attached residential development, where each unit generally has direct access to ground level, and where complementary uses may be permitted under certain conditions",43540,902
218,RR-1,Residential-Rural 1,Single-family detached residential dwelling units at low to very low residential densities,40015.265625,899.512715177855
219,IM,Industrial-Manufacturing,"Industrial manufacturing areas primarily used for research, development, manufacturing, and service industrial uses in buildings on large lots. Residential uses and other complementary uses may be allowed in appropriate locations",82284.6744045,1718.41975965203
220,RM-1,Residential-Medium 1,"Medium density residential areas which have been or are to be primarily used for attached residential development, where each unit generally has direct access to ground level, and where complementary uses may be permitted under certain conditions",299908.596125,2721.9584955942
221,BT-2,Business-Transitional 2,"Transitional business areas which generally buffer a residential area from a major street and are primarily used for commercial and complementary residential uses, including without limitation, temporary lodging and office uses",59848.6421546875,1132.13920960771
222,RM-2,Residential-Medium 2,"Medium density residential areas primarily used for small-lot residential development, including without limitation, duplexes, triplexes, or townhouses, where each unit generally has direct access at ground level",1300096.210375,4595.52999365605
223,E,Enclave,Island of county land surrounded by city limits,270923.363,2520.71050221515
224,RR-2,Residential-Rural 2,Single-family detached residential dwelling units at low to very low residential densities,34534.7875515,786.69409287248
225,P,Public,"Public areas in which public and semi-public facilities and uses are located, including without limitation, governmental and educational uses",821773.0625,3712.06237813643
226,RM-3,Residential-Medium 3,"Medium density residential areas which have been or are to be primarily used for attached residential development, where each unit generally has direct access to ground level, and where complementary uses may be permitted under certain conditions",297170.892471031,2686.36111670396
227,IG,Industrial-General,"General industrial areas where a wide range of light industrial uses, including research and manufacturing operations and service industrial uses, are located. Residential uses and other complementary uses may be allowed in appropriate locations",142720.703125,1549.01404862918
228,RL-2,Residential-Low 2,"Medium density residential areas primarily used for small-lot residential development, including without limitation, duplexes, triplexes, or townhouses, where each unit generally has direct access at ground level",41853.9244565,846.215740750868
229,BC-2,Business-Community 2,"Business areas containing retail centers serving a number of neighborhoods, where retail-type stores predominate",524390.8112675,3517.05435708744
230,RE,Residential-Estate,Single-family detached residential dwelling units at low to very low residential densities,742202.037572875,3984.27829999039
231,P,Public,"Public areas in which public and semi-public facilities and uses are located, including without limitation, governmental and educational uses",262078.794150094,2520.63880573936
232,P,Public,"Public areas in which public and semi-public facilities and uses are located, including without limitation, governmental and educational uses",280619.092144687,2262.15576218143
233,RL-2,Residential-Low 2,"Medium density residential areas primarily used for small-lot residential development, including without limitation, duplexes, triplexes, or townhouses, where each unit generally has direct access at ground level",1518444.45030838,9982.68098339101
234,RE,Residential-Estate,Single-family detached residential dwelling units at low to very low residential densities,10264694.5322434,35672.3164519512
235,RR-2,Residential-Rural 2,Single-family detached residential dwelling units at low to very low residential densities,2474276.14873641,18877.445170139
236,RL-2,Residential-Low 2,"Medium density residential areas primarily used for small-lot residential development, including without limitation, duplexes, triplexes, or townhouses, where each unit generally has direct access at ground level",1149830.30145844,5464.83465663867
237,BT-1,Business-Transitional 1,"Transitional business areas which generally buffer a residential area from a major street and are primarily used for commercial and complementary residential uses, including without limitation, temporary lodging and office uses",1032656.46474813,5260.03416665384
238,P,Public,"Public areas in which public and semi-public facilities and uses are located, including without limitation, governmental and educational uses",19588488.6715874,29335.9680204682
239,IM,Industrial-Manufacturing,"Industrial manufacturing areas primarily used for research, development, manufacturing, and service industrial uses in buildings on large lots. Residential uses and other complementary uses may be allowed in appropriate locations",2509255.73728009,12360.5279934504
240,RL-1,Residential-Low 1,Single-family detached residential dwelling units at low to very low residential densities,946435.650375,6346.77576594507
241,RH-4,Residential-High 4,"High density residential areas primarily used for a variety of types of attached residential units, including without limitation, apartment buildings, and where complementary uses may be allowed",1710367.5165,7402.17627512275
242,RH-4,Residential-High 4,"High density residential areas primarily used for a variety of types of attached residential units, including without limitation, apartment buildings, and where complementary uses may be allowed",7828.28125,370.255849511236
243,P,Public,"Public areas in which public and semi-public facilities and uses are located, including without limitation, governmental and educational uses",1441114.72061887,8610.15430511368
244,RH-2,Residential-High 2,"High density residential areas primarily used for a variety of types of attached residential units, including without limitation, apartment buildings, and where complementary uses may be allowed",111639.476125,1355.6405547374
245,P,Public,"Public areas in which public and semi-public facilities and uses are located, including without limitation, governmental and educational uses",175455.429623687,2355.01294437913
246,DT-2,Downtown 2,"A transition area between the downtown and the surrounding residential areas where a wide range of retail, office, residential, and public uses are permitted. A balance of new development with the maintenance and renovation of existing buildings is anticipated, and where development and redevelopment consistent with the established historic and urban design character is encouraged",62294.71875,1046.28994709187
247,RE,Residential-Estate,Single-family detached residential dwelling units at low to very low residential densities,2435577.46511169,7387.39329458078
248,RM-1,Residential-Medium 1,"Medium density residential areas which have been or are to be primarily used for attached residential development, where each unit generally has direct access to ground level, and where complementary uses may be permitted under certain conditions",418172.029,3474.8185293464
249,RR-1,Residential-Rural 1,Single-family detached residential dwelling units at low to very low residential densities,54866.1800257813,940.068504619975
250,RH-3,Residential-High 3,High density residential areas in the process of changing to high density residential uses and limited pedestrian-oriented neighborhood-serving retail uses in close proximity to either a primary destination or a transit center and where complementary uses may be allowed,495413.984752875,2985.91678822904
251,RL-1,Residential-Low 1,Single-family detached residential dwelling units at low to very low residential densities,16911952.47869,26040.8107509502
252,BT-2,Business-Transitional 2,"Transitional business areas which generally buffer a residential area from a major street and are primarily used for commercial and complementary residential uses, including without limitation, temporary lodging and office uses",98793.368583,1557.50971873698
253,RR-1,Residential-Rural 1,Single-family detached residential dwelling units at low to very low residential densities,27993.8851448125,681.006444831587
254,P,Public,"Public areas in which public and semi-public facilities and uses are located, including without limitation, governmental and educational uses",1975676.42221875,9983.70905679066
255,BC-1,Business-Community 1,"Business areas containing retail centers serving a number of neighborhoods, where retail-type stores predominate",3639772.82996153,11517.986290713
256,IG,Industrial-General,"General industrial areas where a wide range of light industrial uses, including research and manufacturing operations and service industrial uses, are located. Residential uses and other complementary uses may be allowed in appropriate locations",827110.91620025,4183.80809284313
257,BT-2,Business-Transitional 2,"Transitional business areas which generally buffer a residential area from a major street and are primarily used for commercial and complementary residential uses, including without limitation, temporary lodging and office uses",380209.9521875,3534.4152616684
258,RM-1,Residential-Medium 1,"Medium density residential areas which have been or are to be primarily used for attached residential development, where each unit generally has direct access to ground level, and where complementary uses may be permitted under certain conditions",153976.46037175,1594.6000493254
259,RL-1,Residential-Low 1,Single-family detached residential dwelling units at low to very low residential densities,919292.334375,4258.35607662158
260,RMX-1,Residential-Mixed 1,"Mixed density residential areas with a variety of single-family, detached, duplexes, and multi-family units that will be maintained; and where existing structures may be renovated or rehabilitated",5250538.82277938,19968.3046597446
261,P,Public,"Public areas in which public and semi-public facilities and uses are located, including without limitation, governmental and educational uses",857639.618778156,3966.54411892526
262,F,Flex,"A combination of use, form, and intensity standards not reflected in any existing zoning district. Rezoning to a flex district may only be initiated by the planning board or city council as part of an annexation, rezoning after concept review, or area plan, and upon the determination that the flex zone would implement the goals of the Boulder Valley Comprehensive Plan. When rezoning to a flex district, the rezoning ordinance shall identify the specific use, form, and intensity modules which shall be identified on the official zoning map. Nothing in this section shall be construed to prevent city council from creating new zoning districts",426756.997589719,3205.73189807017
263,RH-4,Residential-High 4,"High density residential areas primarily used for a variety of types of attached residential units, including without limitation, apartment buildings, and where complementary uses may be allowed",3884592.45214553,12588.3113664971
264,E,Enclave,Island of county land surrounded by city limits,603718.069975375,3251.46922938374
265,RH-5,Residential-High 5,"High density residential areas primarily used for a variety of types of attached residential units, including without limitation, apartment buildings, and where complementary uses may be allowed",1218575.1252655,5036.58924056223
266,RM-2,Residential-Medium 2,"Medium density residential areas primarily used for small-lot residential development, including without limitation, duplexes, triplexes, or townhouses, where each unit generally has direct access at ground level",683290.1521875,3487.73865196885
267,MU-4,Mixed Use 4,"Mixed use residential areas generally intended for residential uses with neighborhood-serving retail and office uses; and where complementary uses may be allowed. It is anticipated that development will occur in a pedestrian-oriented pattern, with buildings built up to the street",1438701.09960156,8512.29414701921
270,P,Public,"Public areas in which public and semi-public facilities and uses are located, including without limitation, governmental and educational uses",715458.51783725,7021.48773255053
271,BT-2,Business-Transitional 2,"Transitional business areas which generally buffer a residential area from a major street and are primarily used for commercial and complementary residential uses, including without limitation, temporary lodging and office uses",35477.78125,785.778826585737
272,RMX-1,Residential-Mixed 1,"Mixed density residential areas with a variety of single-family, detached, duplexes, and multi-family units that will be maintained; and where existing structures may be renovated or rehabilitated",1258371.88411597,7541.00812294074
273,P,Public,"Public areas in which public and semi-public facilities and uses are located, including without limitation, governmental and educational uses",59003.828125,1014.4139580557
274,E,Enclave,Island of county land surrounded by city limits,1882485.86886166,7940.12665908348
275,E,Enclave,Island of county land surrounded by city limits,153471.984049438,1780.68618135122
276,IG,Industrial-General,"General industrial areas where a wide range of light industrial uses, including research and manufacturing operations and service industrial uses, are located. Residential uses and other complementary uses may be allowed in appropriate locations",116942.943335375,2276.88932985207
277,BT-1,Business-Transitional 1,"Transitional business areas which generally buffer a residential area from a major street and are primarily used for commercial and complementary residential uses, including without limitation, temporary lodging and office uses",173813.4375,1807.63541871386
278,BT-1,Business-Transitional 1,"Transitional business areas which generally buffer a residential area from a major street and are primarily used for commercial and complementary residential uses, including without limitation, temporary lodging and office uses",229533.0232105,2548.48080502612
279,RR-1,Residential-Rural 1,Single-family detached residential dwelling units at low to very low residential densities,3406577.27570313,8780.72583277702
280,RM-1,Residential-Medium 1,"Medium density residential areas which have been or are to be primarily used for attached residential development, where each unit generally has direct access to ground level, and where complementary uses may be permitted under certain conditions",4302594.834125,10436.1984064318
281,BMS,Business-Main Street,"Business areas generally anchored around a main street that are intended to serve the surrounding residential neighborhoods. It is anticipated that development will occur in a pedestrian-oriented pattern, with buildings built up to the street; retail uses on the first floor; residential and office uses above the first floor; and where complementary uses may be allowed",448526.565370531,3788.02506052137
282,IS-1,Industrial-Service 1,Service industrial areas primarily used to provide to the community a wide range of repair and service uses and small-scale manufacturing uses,1373375.36400872,9585.59312268764
283,IM,Industrial-Manufacturing,"Industrial manufacturing areas primarily used for research, development, manufacturing, and service industrial uses in buildings on large lots. Residential uses and other complementary uses may be allowed in appropriate locations",3450677.60872763,9189.73215569443
284,RL-1,Residential-Low 1,Single-family detached residential dwelling units at low to very low residential densities,141109.71875,1556.30792767393
285,RM-3,Residential-Medium 3,"Medium density residential areas which have been or are to be primarily used for attached residential development, where each unit generally has direct access to ground level, and where complementary uses may be permitted under certain conditions",192368.159444,2238.41620534786
286,RR-1,Residential-Rural 1,Single-family detached residential dwelling units at low to very low residential densities,93175.34375,1222.71648357774
287,RM-1,Residential-Medium 1,"Medium density residential areas which have been or are to be primarily used for attached residential development, where each unit generally has direct access to ground level, and where complementary uses may be permitted under certain conditions",2579125.49516419,12718.0983512079
288,DT-2,Downtown 2,"A transition area between the downtown and the surrounding residential areas where a wide range of retail, office, residential, and public uses are permitted. A balance of new development with the maintenance and renovation of existing buildings is anticipated, and where development and redevelopment consistent with the established historic and urban design character is encouraged",65500.101875,1252.7264844011
289,RR-2,Residential-Rural 2,Single-family detached residential dwelling units at low to very low residential densities,4887188.64413544,12238.7187999498
290,RL-1,Residential-Low 1,Single-family detached residential dwelling units at low to very low residential densities,96807.28125,1330.71381000548
291,E,Enclave,Island of county land surrounded by city limits,61662.0932704688,1283.37051689944
292,RM-2,Residential-Medium 2,"Medium density residential areas primarily used for small-lot residential development, including without limitation, duplexes, triplexes, or townhouses, where each unit generally has direct access at ground level",43897.5380401875,865.634322928093
293,RH-2,Residential-High 2,"High density residential areas primarily used for a variety of types of attached residential units, including without limitation, apartment buildings, and where complementary uses may be allowed",262657.51969,2310.74558946539
294,RL-1,Residential-Low 1,Single-family detached residential dwelling units at low to very low residential densities,25731258.6319664,37986.0871755449
295,BC-1,Business-Community 1,"Business areas containing retail centers serving a number of neighborhoods, where retail-type stores predominate",91713.734375,1224.83582255727
296,RE,Residential-Estate,Single-family detached residential dwelling units at low to very low residential densities,362685.5329285,2462.45648104081
297,P,Public,"Public areas in which public and semi-public facilities and uses are located, including without limitation, governmental and educational uses",431560.899263,3058.52998152813
298,IS-1,Industrial-Service 1,Service industrial areas primarily used to provide to the community a wide range of repair and service uses and small-scale manufacturing uses,17315.2178497812,552.259578355277
299,BT-1,Business-Transitional 1,"Transitional business areas which generally buffer a residential area from a major street and are primarily used for commercial and complementary residential uses, including without limitation, temporary lodging and office uses",1036990.24033275,5746.46763649571
300,RE,Residential-Estate,Single-family detached residential dwelling units at low to very low residential densities,574275.578125,3125.59172673798
301,RH-5,Residential-High 5,"High density residential areas primarily used for a variety of types of attached residential units, including without limitation, apartment buildings, and where complementary uses may be allowed",3166295.88272956,11672.2699909311
302,P,Public,"Public areas in which public and semi-public facilities and uses are located, including without limitation, governmental and educational uses",51802.20963775,1147.30391137411
303,RM-3,Residential-Medium 3,"Medium density residential areas which have been or are to be primarily used for attached residential development, where each unit generally has direct access to ground level, and where complementary uses may be permitted under certain conditions",124839.062464,1552.24276591928
304,DT-3,Downtown 3,"A transition area between the downtown and the surrounding residential areas where a wide range of retail, office, residential, and public uses are permitted. A balance of new development with the maintenance and renovation of existing buildings is anticipated, and where development and redevelopment consistent with the established historic and urban design character is encouraged",151925.0310625,2267.80703535423
305,P,Public,"Public areas in which public and semi-public facilities and uses are located, including without limitation, governmental and educational uses",23888.176735,699.068442567109
306,P,Public,"Public areas in which public and semi-public facilities and uses are located, including without limitation, governmental and educational uses",10168491.3330648,15083.0951209378
307,RL-2,Residential-Low 2,"Medium density residential areas primarily used for small-lot residential development, including without limitation, duplexes, triplexes, or townhouses, where each unit generally has direct access at ground level",11022017.7921246,25114.1242481947
308,RH-4,Residential-High 4,"High density residential areas primarily used for a variety of types of attached residential units, including without limitation, apartment buildings, and where complementary uses may be allowed",110823.260874625,1424.18900756193
309,DT-2,Downtown 2,"A transition area between the downtown and the surrounding residential areas where a wide range of retail, office, residential, and public uses are permitted. A balance of new development with the maintenance and renovation of existing buildings is anticipated, and where development and redevelopment consistent with the established historic and urban design character is encouraged",247016.75,2473.68364204808
310,IS-2,Industrial-Service 2,Service industrial areas primarily used to provide to the community a wide range of repair and service uses and small-scale manufacturing uses,1355091.80662459,8069.06153030336
311,RL-1,Residential-Low 1,Single-family detached residential dwelling units at low to very low residential densities,722432.48625,5507.81421923309
312,RM-2,Residential-Medium 2,"Medium density residential areas primarily used for small-lot residential development, including without limitation, duplexes, triplexes, or townhouses, where each unit generally has direct access at ground level",130123.28125,1624.27245790308
313,RH-2,Residential-High 2,"High density residential areas primarily used for a variety of types of attached residential units, including without limitation, apartment buildings, and where complementary uses may be allowed",535825.2564375,4529.68416194793
314,BC-2,Business-Community 2,"Business areas containing retail centers serving a number of neighborhoods, where retail-type stores predominate",14730.84575,495.813804421225
315,RE,Residential-Estate,Single-family detached residential dwelling units at low to very low residential densities,15062.09375,494.562090992307
316,RM-1,Residential-Medium 1,"Medium density residential areas which have been or are to be primarily used for attached residential development, where each unit generally has direct access to ground level, and where complementary uses may be permitted under certain conditions",852335.389942375,4131.16500009542
317,BT-2,Business-Transitional 2,"Transitional business areas which generally buffer a residential area from a major street and are primarily used for commercial and complementary residential uses, including without limitation, temporary lodging and office uses",10180.6875,448.087404473644
318,MH,Mobile Home,Mobile home parks primarily used and developed at a medium residential density where complementary uses may be allowed under certain conditions,4004559.41901747,9958.760800845
319,RM-1,Residential-Medium 1,"Medium density residential areas which have been or are to be primarily used for attached residential development, where each unit generally has direct access to ground level, and where complementary uses may be permitted under certain conditions",371828.245310406,2991.65377531303
320,RH-5,Residential-High 5,"High density residential areas primarily used for a variety of types of attached residential units, including without limitation, apartment buildings, and where complementary uses may be allowed",1048188.4218125,4419.56632871206
321,BC-1,Business-Community 1,"Business areas containing retail centers serving a number of neighborhoods, where retail-type stores predominate",828987.51461825,6036.3079882371
322,IG,Industrial-General,"General industrial areas where a wide range of light industrial uses, including research and manufacturing operations and service industrial uses, are located. Residential uses and other complementary uses may be allowed in appropriate locations",1300049.81605241,5448.93426238372
323,P,Public,"Public areas in which public and semi-public facilities and uses are located, including without limitation, governmental and educational uses",2417176.65976966,8459.90829961809
324,RL-2,Residential-Low 2,"Medium density residential areas primarily used for small-lot residential development, including without limitation, duplexes, triplexes, or townhouses, where each unit generally has direct access at ground level",1627848.5547375,6094.57086227798
325,RH-4,Residential-High 4,"High density residential areas primarily used for a variety of types of attached residential units, including without limitation, apartment buildings, and where complementary uses may be allowed",315042.21725,2148.72671924812
326,RM-1,Residential-Medium 1,"Medium density residential areas which have been or are to be primarily used for attached residential development, where each unit generally has direct access to ground level, and where complementary uses may be permitted under certain conditions",220836.961511094,3090.95696469629
327,E,Enclave,Island of county land surrounded by city limits,142798.5923515,1509.78127661548
328,A,Agricultural,"Agricultural areas in a natural state or in which the growing of crops, flowers, and trees or other farming activity is practiced",284514.164375,2293.58281384177
329,BC-1,Business-Community 1,"Business areas containing retail centers serving a number of neighborhoods, where retail-type stores predominate",181619.6976875,1729.49207734097
330,IS-1,Industrial-Service 1,Service industrial areas primarily used to provide to the community a wide range of repair and service uses and small-scale manufacturing uses,25091.6863865,648.330094227117
331,P,Public,"Public areas in which public and semi-public facilities and uses are located, including without limitation, governmental and educational uses",237379.6875,2372.77480303735
332,P,Public,"Public areas in which public and semi-public facilities and uses are located, including without limitation, governmental and educational uses",8407346.60643894,17128.5483108862
333,RM-1,Residential-Medium 1,"Medium density residential areas which have been or are to be primarily used for attached residential development, where each unit generally has direct access to ground level, and where complementary uses may be permitted under certain conditions",3763969.49716988,9688.35840363353
334,RH-4,Residential-High 4,"High density residential areas primarily used for a variety of types of attached residential units, including without limitation, apartment buildings, and where complementary uses may be allowed",1802380.91838938,6597.86848800453
335,E,Enclave,Island of county land surrounded by city limits,525860.619869438,4267.94473164939
336,E,Enclave,Island of county land surrounded by city limits,61486.2962355,1000.24033267634
337,RL-1,Residential-Low 1,Single-family detached residential dwelling units at low to very low residential densities,57998551.7895738,57168.4155952172
338,RM-1,Residential-Medium 1,"Medium density residential areas which have been or are to be primarily used for attached residential development, where each unit generally has direct access to ground level, and where complementary uses may be permitted under certain conditions",45565.25,1241.63094411745
339,RR-1,Residential-Rural 1,Single-family detached residential dwelling units at low to very low residential densities,32091.885315625,727.885925230297
340,P,Public,"Public areas in which public and semi-public facilities and uses are located, including without limitation, governmental and educational uses",973286.1712905,4020.76579968345
341,RL-2,Residential-Low 2,"Medium density residential areas primarily used for small-lot residential development, including without limitation, duplexes, triplexes, or townhouses, where each unit generally has direct access at ground level",12938902.6083107,27655.2698798825
342,RL-1,Residential-Low 1,Single-family detached residential dwelling units at low to very low residential densities,373957.872373469,4364.17426120271
343,BT-1,Business-Transitional 1,"Transitional business areas which generally buffer a residential area from a major street and are primarily used for commercial and complementary residential uses, including without limitation, temporary lodging and office uses",65224.929625,1159.02680988366
344,BC-1,Business-Community 1,"Business areas containing retail centers serving a number of neighborhoods, where retail-type stores predominate",1861658.8125,5290.28011160569
345,BT-1,Business-Transitional 1,"Transitional business areas which generally buffer a residential area from a major street and are primarily used for commercial and complementary residential uses, including without limitation, temporary lodging and office uses",122778.582222938,1415.3423652449
346,RH-5,Residential-High 5,"High density residential areas primarily used for a variety of types of attached residential units, including without limitation, apartment buildings, and where complementary uses may be allowed",141948.3671615,1585.43321944464
347,RM-1,Residential-Medium 1,"Medium density residential areas which have been or are to be primarily used for attached residential development, where each unit generally has direct access to ground level, and where complementary uses may be permitted under certain conditions",44298.7995110937,2602.40646204242
348,RH-4,Residential-High 4,"High density residential areas primarily used for a variety of types of attached residential units, including without limitation, apartment buildings, and where complementary uses may be allowed",759463.59375,3533.47385281726
349,P,Public,"Public areas in which public and semi-public facilities and uses are located, including without limitation, governmental and educational uses",62217.5564575,1034.71498511996
350,IG,Industrial-General,"General industrial areas where a wide range of light industrial uses, including research and manufacturing operations and service industrial uses, are located. Residential uses and other complementary uses may be allowed in appropriate locations",4835627.5961225,28116.633795474
351,RM-1,Residential-Medium 1,"Medium density residential areas which have been or are to be primarily used for attached residential development, where each unit generally has direct access to ground level, and where complementary uses may be permitted under certain conditions",1649385.98632744,7289.52175370055
352,RL-2,Residential-Low 2,"Medium density residential areas primarily used for small-lot residential development, including without limitation, duplexes, triplexes, or townhouses, where each unit generally has direct access at ground level",68776.829375,1139.98255694998
353,BT-1,Business-Transitional 1,"Transitional business areas which generally buffer a residential area from a major street and are primarily used for commercial and complementary residential uses, including without limitation, temporary lodging and office uses",849214.328125,4853.21643661529
354,RM-2,Residential-Medium 2,"Medium density residential areas primarily used for small-lot residential development, including without limitation, duplexes, triplexes, or townhouses, where each unit generally has direct access at ground level",1965951.71280916,12023.2306106581
355,A,Agricultural,"Agricultural areas in a natural state or in which the growing of crops, flowers, and trees or other farming activity is practiced",1105098.02075,6451.20633160987
356,RL-2,Residential-Low 2,"Medium density residential areas primarily used for small-lot residential development, including without limitation, duplexes, triplexes, or townhouses, where each unit generally has direct access at ground level",562600.921875,3954.90860990937
357,RL-2,Residential-Low 2,"Medium density residential areas primarily used for small-lot residential development, including without limitation, duplexes, triplexes, or townhouses, where each unit generally has direct access at ground level",4624931.26260125,10552.9187416853
358,P,Public,"Public areas in which public and semi-public facilities and uses are located, including without limitation, governmental and educational uses",14539987.1652759,21210.9744202297
359,RH-5,Residential-High 5,"High density residential areas primarily used for a variety of types of attached residential units, including without limitation, apartment buildings, and where complementary uses may be allowed",509551.734375,3902.48395763894
360,RM-1,Residential-Medium 1,"Medium density residential areas which have been or are to be primarily used for attached residential development, where each unit generally has direct access to ground level, and where complementary uses may be permitted under certain conditions",3124036.6659175,9759.19599447281
361,P,Public,"Public areas in which public and semi-public facilities and uses are located, including without limitation, governmental and educational uses",5866889.71770062,12691.7432301933
362,P,Public,"Public areas in which public and semi-public facilities and uses are located, including without limitation, governmental and educational uses",6808171.55236816,24130.3796779804
363,IG,Industrial-General,"General industrial areas where a wide range of light industrial uses, including research and manufacturing operations and service industrial uses, are located. Residential uses and other complementary uses may be allowed in appropriate locations",22885272.4109938,44200.7532382018
364,RH-1,Residential-High 1,"High density residential areas primarily used for a variety of types of attached residential units, including without limitation, apartment buildings, and where complementary uses may be allowed",377909.265625,3679.38743613829
365,RM-2,Residential-Medium 2,"Medium density residential areas primarily used for small-lot residential development, including without limitation, duplexes, triplexes, or townhouses, where each unit generally has direct access at ground level",184880.3730625,2402.072561777
366,RR-1,Residential-Rural 1,Single-family detached residential dwelling units at low to very low residential densities,385314.004434063,3486.50660558172
367,BC-1,Business-Community 1,"Business areas containing retail centers serving a number of neighborhoods, where retail-type stores predominate",169766.446234375,2162.44638016004
368,RH-4,Residential-High 4,"High density residential areas primarily used for a variety of types of attached residential units, including without limitation, apartment buildings, and where complementary uses may be allowed",1117938.47090175,5957.03798863069
369,BT-1,Business-Transitional 1,"Transitional business areas which generally buffer a residential area from a major street and are primarily used for commercial and complementary residential uses, including without limitation, temporary lodging and office uses",123664.390625,1740.97328135402
370,E,Enclave,Island of county land surrounded by city limits,40882.795482,814.693917856698
371,RH-2,Residential-High 2,"High density residential areas primarily used for a variety of types of attached residential units, including without limitation, apartment buildings, and where complementary uses may be allowed",3555960.08303453,15088.4440250251
372,RH-5,Residential-High 5,"High density residential areas primarily used for a variety of types of attached residential units, including without limitation, apartment buildings, and where complementary uses may be allowed",89087.15342375,1331.07058733135
373,BT-1,Business-Transitional 1,"Transitional business areas which generally buffer a residential area from a major street and are primarily used for commercial and complementary residential uses, including without limitation, temporary lodging and office uses",1168094.63568078,8014.97941689703
374,RM-1,Residential-Medium 1,"Medium density residential areas which have been or are to be primarily used for attached residential development, where each unit generally has direct access to ground level, and where complementary uses may be permitted under certain conditions",96604.4927906563,1244.72483191096
375,IG,Industrial-General,"General industrial areas where a wide range of light industrial uses, including research and manufacturing operations and service industrial uses, are located. Residential uses and other complementary uses may be allowed in appropriate locations",181233.123006625,2013.38954407149
377,P,Public,"Public areas in which public and semi-public facilities and uses are located, including without limitation, governmental and educational uses",75108.4614242813,2021.76111874337
385,E,Enclave,Island of county land surrounded by city limits,41905.6538885625,893.425206024069
388,P,Public,"Public areas in which public and semi-public facilities and uses are located, including without limitation, governmental and educational uses",13493729.7211311,18736.5874775324
